form	lemma	POS	morph
Inter	inter	PRE	MORPH=empty
carnis	caro1	NOMcom	Case=Gen|Numb=Plur
alimenta	alimentum	NOMcom	Case=Acc|Numb=Plur
benedicti	benedico2	VER	Case=Nom|Numb=Plur|Gend=Masc|Mood=Par|Tense=Perf|Voice=Pass
martyres	martyr	NOMcom	Case=Nom|Numb=Plur
designati	designo	VER	Case=Nom|Numb=Plur|Gend=Masc|Mood=Par|Tense=Perf|Voice=Pass
quae	qui1	PROrel	Case=Nom|Numb=Plur|Gend=Neut
vobis	uos	PROper	Case=Dat|Numb=Plur
et	et2	CONcoo	MORPH=empty
domina	domina	NOMcom	Case=Nom|Numb=Sing
mater	mater	NOMcom	Case=Nom|Numb=Sing
ecclesia	ecclesia	NOMcom	Case=Nom|Numb=Sing
de	de	PRE	MORPH=empty
uberibus	uber1	NOMcom	Case=Abl|Numb=Plur
suis	suus	PROpos.ref	Case=Abl|Numb=Plur|Gend=Com
et	et2	CONcoo	MORPH=empty
singuli	singulus	ADJdis	Case=Nom|Numb=Plur|Gend=Masc
fratres	frater	NOMcom	Case=Nom|Numb=Plur
de	de	PRE	MORPH=empty
opibus	ops	NOMcom	Case=Abl|Numb=Plur
suis	suus	PROpos.ref	Case=Abl|Numb=Plur|Gend=Com
propriis	proprius	ADJqua	Case=Abl|Numb=Plur|Gend=Com|Deg=Pos
in	in	PRE	MORPH=empty
carcerem	carcer	NOMcom	Case=Acc|Numb=Sing
subministrant	subministro	VER	Numb=Plur|Mood=Ind|Tense=Pres|Voice=Act|Person=3
capite	caput	NOMcom	Case=Abl|Numb=Sing
aliquid	aliquis	PROind	Case=Acc|Numb=Sing|Gend=Neut
et	et2	CONcoo	MORPH=empty
a	ab	PRE	MORPH=empty
nobis	nos	PROper	Case=Abl|Numb=Plur
quod	qui1	PROrel	Case=Acc|Numb=Sing|Gend=Neut
faciat	facio	VER	Numb=Sing|Mood=Sub|Tense=Pres|Voice=Act|Person=3
ad	ad2	PRE	MORPH=empty
spiritum	spiritus	NOMcom	Case=Acc|Numb=Sing
quoque	quoque	ADV	Deg=Pos
educandum	educo1	VER	Case=Acc|Numb=Sing|Gend=MascNeut|Mood=Adj|Voice=Pass
Carnem	caro1	NOMcom	Case=Acc|Numb=Sing
enim	enim2	CONcoo	MORPH=empty
saginari	sagino	VER	Mood=Inf|Tense=Pres|Voice=Pass
et	et2	CONcoo	MORPH=empty
spiritum	spiritus	NOMcom	Case=Acc|Numb=Sing
esurire	esurio2	VER	Mood=Inf|Tense=Pres|Voice=Act
non	non	ADVneg	MORPH=empty
prodest	prosum1	VER	Numb=Sing|Mood=Ind|Tense=Pres|Voice=Act|Person=3
Immo	immo	ADV	Deg=Pos
si	si2	CONsub	MORPH=empty
quod	qui1	PROrel	Case=Nom|Numb=Sing|Gend=Neut
infirmum	infirmus	ADJqua	Case=Nom|Numb=Sing|Gend=Neut|Deg=Pos
est	sum1	VER	Numb=Sing|Mood=Ind|Tense=Pres|Voice=Act|Person=3
curatur	curo	VER	Numb=Sing|Mood=Ind|Tense=Pres|Voice=Pass|Person=3
aeque	aeque	ADV	Deg=Pos
quod	qui1	PROrel	Case=Nom|Numb=Sing|Gend=Neut
infirmius	infirmus	ADJqua	Case=Nom|Numb=Sing|Gend=Neut|Deg=Comp
est	sum1	VER	Numb=Sing|Mood=Ind|Tense=Pres|Voice=Act|Person=3
neglegi	negligo	VER	Mood=Inf|Tense=Pres|Voice=Pass
non	non	ADVneg	MORPH=empty
debet	debeo	VER	Numb=Sing|Mood=Ind|Tense=Pres|Voice=Act|Person=3
Nec	nec2	CONcoo	MORPH=empty
tantus	tantus	PROdem	Case=Nom|Numb=Sing|Gend=Masc
ego	ego	PROper	Case=Nom|Numb=Sing
sum	sum1	VER	Numb=Sing|Mood=Ind|Tense=Pres|Voice=Act|Person=1
ut	ut4	CONsub	MORPH=empty
vos	uos	PROper	Case=Acc|Numb=Plur
alloquar	alloquor	VER	Numb=Sing|Mood=Sub|Tense=Pres|Voice=Dep|Person=1
Verumtamen	uerumtamen	ADV	Deg=Pos
et	et2	CONcoo	MORPH=empty
gladiatores	gladiator	NOMcom	Case=Acc|Numb=Plur
perfectissimos	perfectus2	ADJqua	Case=Acc|Numb=Plur|Gend=Masc|Deg=Sup
non	non	ADVneg	MORPH=empty
tantum	tantum2	ADV	Deg=Pos
magistri	magister	NOMcom	Case=Nom|Numb=Plur
et	et2	CONcoo	MORPH=empty
praepositi	praepono	NOMcom	Case=Gen|Numb=Plur|Gend=MascNeut
sui	suus	PROpos.ref	Case=Nom|Numb=Sing
sed	sed	CONcoo	MORPH=empty
etiam	etiam	ADV	Deg=Pos
idiotae	idiota	NOMcom	Case=Nom|Numb=Plur
et	et2	CONcoo	MORPH=empty
supervacue	superuacue	ADV	Numb=Plur|Deg=Pos
quique	qui	PROrel	Case=Nom|Numb=Plur|Gend=Masc
{quique}	que	CON	MORPH=empty
adhortantur	adhortor	VER	Numb=Plur|Mood=Ind|Tense=Pres|Voice=Dep|Person=3
de	de	PRE	MORPH=empty
longinquo	longinquum1	NOMcom	Case=Abl|Numb=Sing
ut	ut4	CONsub	MORPH=empty
saepe	saepe	ADV	Deg=Pos
de	de	PRE	MORPH=empty
ipso	ipse	PROdem	Case=Abl|Numb=Sing|Gend=MascNeut
populo	populus1	NOMcom	Case=Abl|Numb=Sing
dictata	dicto	VER	Case=Abl|Numb=Plur|Gend=Neut|Mood=Par|Tense=Perf|Voice=Pass
suggesta	suggero	VER	Case=Nom|Numb=Plur
profuerint	prosum1	VER	Numb=Plur|Mood=Sub|Tense=Perf|Voice=Act|Person=3
Inprimis	imprimis	ADV	Deg=Pos
ergo	ergo2	CONcoo	MORPH=empty
benedicti	benedico2	VER	Case=Nom|Numb=Plur|Gend=Masc|Mood=Par|Tense=Perf|Voice=Pass
nolite	nolo	VER	Numb=Plur|Mood=Imp|Tense=Pres|Voice=Act|Person=2
contristare	contristo	VER	Mood=Inf|Tense=Pres|Voice=Act
spiritum	spiritus	NOMcom	Case=Acc|Numb=Sing
sanctum	sanctus	ADJqua	Case=Acc|Numb=Sing|Gend=MascNeut|Deg=Pos
qui	qui1	PROrel	Case=Nom|Numb=Sing|Gend=Masc
vobiscum	uos	PROper	Case=Abl|Numb=Plur
{vobiscum}	cum3	CON	MORPH=empty
introiit	introeo1	VER	Numb=Sing|Mood=Ind|Tense=Perf|Voice=Act|Person=3
carcerem	carcer	NOMcom	Case=Acc|Numb=Sing
Si	si2	CONsub	MORPH=empty
enim	enim2	CONcoo	MORPH=empty
non	non	ADVneg	MORPH=empty
vobiscum	uos	PROper	Case=Abl|Numb=Plur
{vobiscum}	cum3	CON	MORPH=empty
nunc	nunc	ADV	Deg=Pos
introisset	introeo1	VER	Numb=Sing|Mood=Sub|Tense=Pqp|Voice=Act|Person=3
nec	neque	CONcoo	MORPH=empty
vos	uos	PROper	Case=Nom|Numb=Plur
illic	illic2	ADV	Deg=Pos
hodie	hodie	ADV	Deg=Pos
fuissetis	sum1	VER	Numb=Plur|Mood=Sub|Tense=Pqp|Voice=Act|Person=2
Et	et2	CONcoo	MORPH=empty
ideo	ideo	ADV	Deg=Pos
date	do	VER	Numb=Plur|Mood=Imp|Tense=Pres|Voice=Act|Person=2
operam	opera	NOMcom	Case=Acc|Numb=Sing
ut	ut4	CONsub	MORPH=empty
illic	illic2	ADV	Case=Nom
vobiscum	uos	PROper	Case=Abl|Numb=Plur
{vobiscum}	cum3	CON	MORPH=empty
perseveret	perseuero	VER	Numb=Sing|Mood=Sub|Tense=Pres|Voice=Act|Person=3
ita	ita	ADV	Deg=Pos
vos	uos	PROper	Case=Acc|Numb=Plur
inde	inde	ADV	Deg=Pos
perducat	perduco	VER	Numb=Sing|Mood=Sub|Tense=Pres|Voice=Act|Person=3
ad	ad2	PRE	MORPH=empty
dominum	dominus	NOMcom	Case=Acc|Numb=Sing
Domus	domus	NOMcom	Case=Gen|Numb=Sing
quidem	quidem	ADV	Deg=Pos
diaboli	diabolus	NOMcom	Case=Gen|Numb=Sing
est	sum1	VER	Numb=Sing|Mood=Ind|Tense=Pres|Voice=Act|Person=3
et	et2	CONcoo	MORPH=empty
carcer	carcer	NOMcom	Case=Nom|Numb=Sing
in	in	PRE	MORPH=empty
qua	qui1	PROrel	Case=Abl|Numb=Sing|Gend=Fem
familiam	familia	NOMcom	Case=Acc|Numb=Sing
suam	suus	PROpos.ref	Case=Acc|Numb=Sing|Gend=Fem
continet	contineo	VER	Numb=Sing|Mood=Ind|Tense=Pres|Voice=Act|Person=3
Sed	sed	CONcoo	MORPH=empty
vos	uos	PROper	Case=Nom|Numb=Plur
ideo	ideo	ADV	Deg=Pos
in	in	PRE	MORPH=empty
carcerem	carcer	NOMcom	Case=Acc|Numb=Sing
pervenistis	peruenio	VER	Numb=Plur|Mood=Ind|Tense=Perf|Voice=Act|Person=2
ut	ut4	CONsub	MORPH=empty
illum	ille	PROdem	Case=Acc|Numb=Sing|Gend=Masc
etiam	etiam	ADV	Deg=Pos
in	in	PRE	MORPH=empty
domo	domus	NOMcom	Case=Abl|Numb=Sing
sua	suus	PROpos.ref	Case=Abl|Numb=Sing|Gend=Fem
conculcetis	conculco	VER	Numb=Plur|Mood=Sub|Tense=Pres|Voice=Act|Person=2
Iam	iam	ADV	Deg=Pos
enim	enim2	CONcoo	MORPH=empty
foris	foris2	ADV	Deg=Pos
congressi	congredior	VER	Case=Nom|Numb=Plur|Gend=Masc|Mood=Par|Tense=Perf|Voice=Dep
conculcaveratis	conculco	VER	Numb=Plur|Gend=Com|Mood=Ind|Tense=Pqp|Voice=Act|Person=2
Non	non	ADVneg	MORPH=empty
ergo	ergo2	CONcoo	MORPH=empty
dicat	dico2	VER	Numb=Sing|Mood=Sub|Tense=Pres|Voice=Act|Person=3
In	in	PRE	MORPH=empty
meo	meus	PROpos	Case=Abl|Numb=Sing|Gend=Masc
sunt	sum1	VER	Numb=Plur|Mood=Ind|Tense=Pres|Voice=Act|Person=3
temptabo	tento	VER	Numb=Sing|Mood=Ind|Tense=Fut|Voice=Act|Person=1
illos	ille	PROdem	Case=Acc|Numb=Plur|Gend=Masc
vilibus	uilis	ADJqua	Case=Abl|Numb=Plur|Gend=Com|Deg=Pos
odiis	odium	NOMcom	Case=Abl|Numb=Plur
defectionibus	defectio	NOMcom	Case=Abl|Numb=Plur
aut	aut	CONcoo	MORPH=empty
inter	inter	PRE	MORPH=empty
se	sui1	PROref	Case=Acc|Numb=Sing
dissensionibus	dissensio	NOMcom	Case=Abl|Numb=Plur
Fugiat	fugio	VER	Numb=Sing|Mood=Sub|Tense=Pres|Voice=Act|Person=3
conspectum	conspectus1	NOMcom	Case=Acc|Numb=Sing
vestrum	uester	PROpos	Case=Acc|Numb=Sing
et	et2	CONcoo	MORPH=empty
in	in	PRE	MORPH=empty
ima	inferus	NOMcom	Case=Acc|Numb=Sing
sua	suus	PROpos.ref	Case=Abl|Numb=Sing|Gend=Neut
deliteseat	delitese	VER	Numb=Sing|Mood=Sub|Tense=Pres|Voice=Act|Person=3
contractus	contractus?	VER	Case=Nom|Numb=Sing|Gend=Masc
et	et2	CONcoo	MORPH=empty
torpens	torpeo	VER	Case=Nom|Numb=Sing|Gend=Com|Mood=Par|Tense=Pres|Voice=Act
tamquam	tamquam1	ADVrel	MORPH=empty
coluber	coluber	NOMcom	Case=Nom|Numb=Sing
exeantatus	exeanto	VER	Case=Nom|Numb=Sing|Gend=Masc|Mood=Par|Tense=Perf|Voice=Pass
aut	aut	CONcoo	MORPH=empty
effumigatus	effumigo	VER	Case=Nom|Numb=Sing|Gend=Masc|Mood=Par|Tense=Perf|Voice=Pass
Nec	nec2	CONcoo	MORPH=empty
illi	ille	PROdem	Case=Dat|Numb=Sing|Gend=Com
tam	tam	ADV	Deg=Pos
bene	bene	ADV	Deg=Pos
sit	sum1	VER	Numb=Sing|Mood=Sub|Tense=Pres|Voice=Act|Person=3
in	in	PRE	MORPH=empty
suo	suus	PROpos.ref	Case=Abl|Numb=Sing|Gend=MascNeut
regno	regnum	NOMcom	Case=Abl|Numb=Sing
ut	ut1	ADVrel	MORPH=empty
vos	uos	PROper	Case=Acc|Numb=Plur
commitat	commito	VER	Numb=Sing|Mood=Ind|Tense=Pres|Voice=Act|Person=3
sed	sed	CONcoo	MORPH=empty
inveniat	inuenio	VER	Numb=Sing|Mood=Sub|Tense=Pres|Voice=Act|Person=3
munitos	munitus	ADJqua	Case=Acc|Numb=Plur|Gend=Masc
et	et2	CONcoo	MORPH=empty
concordia	concordia	NOMcom	Case=Abl|Numb=Sing
armatos	armatus1	NOMcom	Case=Acc|Numb=Plur|Gend=Masc|Deg=Pos
quia	quia	CONsub	MORPH=empty
pax	pax	NOMcom	Case=Nom|Numb=Sing
vestra	uester	PROpos	Case=Nom|Numb=Sing|Gend=Fem
bellum	bellum	NOMcom	Case=Nom|Numb=Sing
est	sum1	VER	Numb=Sing|Mood=Ind|Tense=Pres|Voice=Act|Person=3
illi	ille	PROdem	Case=Nom|Numb=Plur|Gend=Masc
Quam	qui1	PROrel	Case=Acc|Numb=Sing|Gend=Fem
pacem	pax	NOMcom	Case=Acc|Numb=Sing
quidam	quidam	PROind	Case=Nom|Numb=Plur|Gend=Masc
in	in	PRE	MORPH=empty
ecclesia	ecclesia	NOMcom	Case=Abl|Numb=Sing
non	non	ADVneg	MORPH=empty
habentes	habeo	VER	Case=Nom|Numb=Plur|Gend=MascFem|Mood=Par|Tense=Pres|Voice=Act
a	ab	PRE	MORPH=empty
martyribus	martyr	NOMcom	Case=Abl|Numb=Plur
in	in	PRE	MORPH=empty
earcere	earceo	VER	MORPH=empty
exorare	exoro	VER	Mood=Inf|Tense=Pres|Voice=Act
consueverunt	consuesco	VER	Numb=Plur|Mood=Ind|Tense=Perf|Voice=Act|Person=3
Et	et2	CONcoo	MORPH=empty
ideo	ideo	ADV	Deg=Pos
eam	is	PROdem	Case=Acc|Numb=Sing|Gend=Fem
propterea	propterea	ADV	Deg=Pos
in	in	PRE	MORPH=empty
vobis	uos	PROper	Case=Abl|Numb=Plur
habere	habeo	VER	Mood=Inf|Tense=Pres|Voice=Act
et	et2	CONcoo	MORPH=empty
fovere	foueo	VER	Mood=Inf|Tense=Pres|Voice=Act
et	et2	CONcoo	MORPH=empty
custodire	custodio	VER	Mood=Inf|Tense=Pres|Voice=Act
debetis	debeo	VER	Numb=Plur|Mood=Ind|Tense=Pres|Voice=Act|Person=2
ut	ut4	CONsub	MORPH=empty
si	si2	CONsub	MORPH=empty
forte	forte	ADV	Deg=Pos
et	et2	CONcoo	Deg=Pos
aliis	alius	PROind	Case=Dat|Numb=Plur|Gend=Com
praestare	praesto1	VER	Mood=Inf|Tense=Pres|Voice=Act
possitis	possum1	VER	Numb=Plur|Mood=Sub|Tense=Pres|Voice=Act|Person=2
Cetera	ceterus	ADJqua	Case=Acc|Numb=Plur|Gend=Neut|Deg=Pos
aeque	aeque	ADV	Deg=Pos
animi	animus	NOMcom	Case=Gen|Numb=Sing
impedimenta	impedimentum	NOMcom	Case=Acc|Numb=Plur
usque	usque	ADV	Deg=Pos
ad	ad1	ADV	Deg=Pos
limen	limen	NOMcom	Case=Acc|Numb=Sing
carceris	carcer	NOMcom	Case=Gen|Numb=Sing
deduxerint	deduco	VER	Numb=Plur|Mood=Sub|Tense=Perf|Voice=Act|Person=3
vos	uos	PROper	Case=Acc|Numb=Plur
quousque	quousque2	ADVint	MORPH=empty
et	et2	CONcoo	Deg=Pos
parentes	parens1	NOMcom	Case=Nom|Numb=Plur
vestri	uester	PROpos	Case=Nom|Numb=Plur|Gend=Masc
Exinde	exinde	ADV	Deg=Pos
segregati	segrego	VER	Case=Nom|Numb=Plur|Gend=Masc|Mood=Par|Tense=Perf|Voice=Pass
estis	sum1	VER	Numb=Plur|Mood=Ind|Tense=Pres|Voice=Act|Person=2
ab	ab	PRE	MORPH=empty
ipso	ipse	PROdem	Case=Abl|Numb=Sing|Gend=MascNeut
mundo	mundus1	NOMcom	Case=Abl|Numb=Sing
quanto	quanto1	ADVrel	Numb=Sing
magis	magis2	ADV	Deg=Comp
a	ab	PRE	MORPH=empty
saeculo	saeculum	NOMcom	Case=Abl|Numb=Sing
rebusque	res	NOMcom	Case=Dat|Numb=Plur
{rebusque}	que	CON	MORPH=empty
eius	is	PROdem	Case=Gen|Numb=Sing|Gend=Com
Nec	nec2	CONcoo	MORPH=empty
hoc	hic1	PROdem	Case=Nom|Numb=Sing|Gend=Neut
vos	uos	PROper	Case=Acc|Numb=Plur
consternet	consterno2	VER	Numb=Sing|Mood=Sub|Tense=Pres|Voice=Act|Person=3
quod	quod2	CONsub	MORPH=empty
segregati	segrego	ADJqua	Case=Nom|Numb=Plur|Gend=Masc|Mood=Par|Tense=Perf|Voice=Pass
estis	sum1	VER	Numb=Plur|Mood=Ind|Tense=Pres|Voice=Act|Person=2
a	ab	PRE	MORPH=empty
mundo	mundus1	NOMcom	Case=Abl|Numb=Sing
Si	si2	CONsub	MORPH=empty
enim	enim2	CONcoo	MORPH=empty
recogitemus	recogito	VER	Numb=Plur|Mood=Sub|Tense=Pres|Voice=Act|Person=1
ipsum	ipse	PROdem	Case=Acc|Numb=Sing|Gend=MascNeut
magis	magis2	ADV	Deg=Comp
mundum	mundus1	NOMcom	Case=Acc|Numb=Sing
carcerem	carcer	NOMcom	Case=Acc|Numb=Sing
esse	sum1	VER	Mood=Inf|Tense=Pres|Voice=Act
exisse	exeo1	VER	Mood=Inf|Tense=Perf|Voice=Act
vos	uos	PROper	Case=Nom|Numb=Plur
e	ex	PRE	MORPH=empty
carcere	carcer	NOMcom	Case=Abl|Numb=Sing
quam	quam1	ADVrel	Case=Acc|Gend=Fem
in	in	PRE	MORPH=empty
carcerem	carcer	NOMcom	Case=Acc|Numb=Sing
introisse	introeo1	VER	Mood=Inf|Tense=Perf|Voice=Act
intellegemus	intelligo	VER	Numb=Plur|Mood=Ind|Tense=Fut|Voice=Act|Person=1
Maiores	magnus	ADJqua	Case=Acc|Numb=Plur|Gend=MascFem|Deg=Comp
tenebras	tenebrae	NOMcom	Case=Acc|Numb=Plur
habet	habeo	VER	Numb=Sing|Mood=Ind|Tense=Pres|Voice=Act|Person=3
mundus	mundus1	NOMcom	Case=Nom|Numb=Sing
quae	qui1	PROrel	Case=Nom|Numb=Plur|Gend=Neut
hominum	homo	NOMcom	Case=Gen|Numb=Plur
praecordia	praecordia	NOMcom	Case=Nom|Numb=Plur
excaecant	excaeco	VER	Numb=Plur|Mood=Ind|Tense=Pres|Voice=Act|Person=3
Graviores	grauis	ADJqua	Case=Acc|Numb=Plur|Gend=MascFem|Deg=Comp
catenas	catena	NOMcom	Case=Acc|Numb=Plur
induit	induo	VER	Numb=Sing|Mood=Ind|Tense=Pres|Voice=Act|Person=3
mundus	mundus1	NOMcom	Case=Nom|Numb=Sing
quae	qui1	PROrel	Case=Nom|Numb=Plur|Gend=Fem
ipsas	ipse	PROdem	Case=Acc|Numb=Plur|Gend=Fem
animas	anima	NOMcom	Case=Acc|Numb=Plur
hominum	homo	NOMcom	Case=Gen|Numb=Plur
constringunt	constringo	VER	Numb=Plur|Mood=Ind|Tense=Pres|Voice=Act|Person=3
Peiores	malus3	ADJqua	Case=Acc|Numb=Plur|Gend=MascFem|Deg=Comp
immunditias	immunditia	NOMcom	Case=Acc|Numb=Plur
expirat	exspiro	VER	Numb=Sing|Mood=Ind|Tense=Pres|Voice=Act|Person=3
mundus	mundus1	NOMcom	Case=Nom|Numb=Sing
libidines	libido	NOMcom	Case=Acc|Numb=Plur
hominum	homo	NOMcom	Case=Gen|Numb=Plur
Plures	multus	ADJqua	Case=Acc|Numb=Plur|Gend=MascFem|Deg=Comp
postremo	posterius	ADV	Deg=Sup
mundus	mundus1	NOMcom	Case=Nom|Numb=Sing
reos	reus	NOMcom	Case=Acc|Numb=Plur
continet	contineo	VER	Numb=Sing|Mood=Ind|Tense=Pres|Voice=Act|Person=3
scilicet	scilicet	ADV	Deg=Pos
universum	uniuersus	ADJqua	Case=Acc|Numb=Sing|Gend=Neut|Deg=Pos
hominum	homo	NOMcom	Case=Gen|Numb=Plur
genus	genus1	NOMcom	Case=Acc|Numb=Sing
Iudicia	iudicium	NOMcom	Case=Acc|Numb=Plur
denique	denique	ADV	Deg=Pos
non	non	ADVneg	MORPH=empty
proconsulis	proconsul	NOMcom	Case=Gen|Numb=Sing
sed	sed	CONcoo	MORPH=empty
dei	deus	NOMcom	Case=Gen|Numb=Sing
sustinet	sustineo	VER	Numb=Sing|Mood=Ind|Tense=Pres|Voice=Act|Person=3
Quo	quo1	PROrel	Case=Abl|Numb=Sing|Gend=MascNeut
vos	uos	PROper	Case=Acc|Numb=Plur
benedicti	benedico2	VER	Case=Gen|Numb=Plur|Gend=Masc|Mood=Par|Tense=Perf|Voice=Pass
de	de	PRE	MORPH=empty
carcere	carcer	NOMcom	Case=Abl|Numb=Sing
in	in	PRE	MORPH=empty
custodiarium	custodiarius	NOMcom	Case=Acc|Numb=Sing
si	si2	CONsub	MORPH=empty
forte	forte	ADV	Deg=Pos
translatos	transfero	VER	Case=Acc|Numb=Plur|Gend=Masc|Mood=Par|Tense=Perf|Voice=Pass
existimetis	existimo	VER	Numb=Plur|Mood=Sub|Tense=Pres|Voice=Act|Person=2
Habet	habeo	VER	Numb=Sing|Mood=Ind|Tense=Pres|Voice=Act|Person=3
tenebras	tenebrae	NOMcom	Case=Acc|Numb=Plur
sed	sed	CONcoo	MORPH=empty
lumen	lumen	NOMcom	Case=Acc|Numb=Sing
estis	sum1	VER	Numb=Plur|Mood=Ind|Tense=Pres|Voice=Act|Person=2
ipsi	ipse	PROdem	Case=Dat|Numb=Sing|Gend=Masc
Habet	habeo	VER	Numb=Sing|Mood=Ind|Tense=Pres|Voice=Act|Person=3
vincula	uinculum	NOMcom	Case=Acc|Numb=Plur
sed	sed	CONcoo	MORPH=empty
vos	uos	PROper	Case=Nom|Numb=Plur
soluti	soluo	ADJqua	Case=Nom|Numb=Plur|Gend=Masc|Deg=Pos
deo	deus	NOMcom	Case=Dat|Numb=Sing
estis	sum1	VER	Numb=Plur|Mood=Ind|Tense=Pres|Voice=Act|Person=2
Triste	tristis	ADJqua	Case=Acc|Numb=Sing|Gend=Neut|Deg=Pos
illic	illic2	ADV	Case=Nom|Deg=Pos
expirat	exspiro	VER	Numb=Sing|Mood=Ind|Tense=Pres|Voice=Act|Person=3
sed	sed	CONcoo	MORPH=empty
vos	uos	PROper	Case=Acc|Numb=Plur
odor	odor	NOMcom	Case=Nom|Numb=Sing
estis	sum1	VER	Numb=Plur|Mood=Ind|Tense=Pres|Voice=Act|Person=2
suavitatis	suauitas	NOMcom	Case=Gen|Numb=Sing
Iudex	iudex	NOMcom	Case=Nom|Numb=Sing
expectatur	exspecto	VER	Numb=Sing|Mood=Ind|Tense=Pres|Voice=Pass|Person=3
sed	sed	CONcoo	MORPH=empty
vos	uos	PROper	Case=Nom|Numb=Plur
estis	sum1	VER	Numb=Plur|Mood=Ind|Tense=Pres|Voice=Act|Person=2
de	de	PRE	MORPH=empty
iudicibus	iudex	NOMcom	Case=Abl|Numb=Plur
ipsis	ipse	PROdem	Case=Abl|Numb=Plur|Gend=Com
iudicaturi	iudico	VER	Case=Nom|Numb=Plur|Gend=Masc|Mood=Par|Tense=Fut|Voice=Act
Contristetur	contristo	VER	Numb=Sing|Mood=Sub|Tense=Pres|Voice=Pass|Person=3
illi	ille	PROdem	Case=Dat|Numb=Sing|Gend=Com
qui	qui1	PROrel	Case=Nom|Numb=Sing|Gend=Masc
fructum	fructus	NOMcom	Case=Acc|Numb=Sing
saeculi	saeculum	NOMcom	Case=Gen|Numb=Sing
suspirat	suspiro	VER	Numb=Sing|Mood=Ind|Tense=Pres|Voice=Act|Person=3
Christianus	Christianus	NOMpro	Case=Nom|Numb=Sing
etiam	etiam	ADV	Deg=Pos
extra	extra2	PRE	MORPH=empty
carcerem	carcer	NOMcom	Case=Acc|Numb=Sing
saeculo	saeculum	NOMcom	Case=Abl|Numb=Sing
renuntiavit	renuntio	VER	Numb=Sing|Mood=Ind|Tense=Perf|Voice=Act|Person=3
in	in	PRE	MORPH=empty
carcere	carcer	NOMcom	Case=Abl|Numb=Sing
autem	autem	CONcoo	MORPH=empty
etiam	etiam	ADV	Deg=Pos
carceri	carcer	NOMcom	Case=Dat|Numb=Sing
Nihil	nihil	PROind	Case=Ind
interest	intersum1	VER	Numb=Sing|Mood=Ind|Tense=Pres|Voice=Act|Person=3
ubi	ubi3	CONsub	MORPH=empty
sitis	sum1	VER	Numb=Sing|Mood=Sub|Tense=Pres|Voice=Act|Person=2
in	in	PRE	MORPH=empty
saeculo	saeculum	NOMcom	Case=Abl|Numb=Sing
qui	qui1	PROrel	Case=Nom|Numb=Plur|Gend=Masc
extra	extra2	PRE	MORPH=empty
saeculum	saeculum	NOMcom	Case=Acc|Numb=Sing
estis	sum1	VER	Numb=Plur|Mood=Ind|Tense=Pres|Voice=Act|Person=2
Et	et2	CONcoo	MORPH=empty
si	si2	CONsub	MORPH=empty
aliqua	aliquis	PROind	Case=Acc|Numb=Plur|Gend=Neut
amisistis	amitto	VER	Numb=Plur|Mood=Ind|Tense=Perf|Voice=Act|Person=2
vitae	uita	NOMcom	Case=Gen|Numb=Sing
gaudia	gaudium	NOMcom	Case=Acc|Numb=Plur
negotiatio	negotiatio	NOMcom	Case=Nom|Numb=Sing
est	sum1	VER	Numb=Sing|Mood=Ind|Tense=Pres|Voice=Act|Person=3
aliquid	aliquis	PROind	Case=Acc|Numb=Sing|Gend=Neut
amittere	amitto	VER	Mood=Inf|Tense=Pres|Voice=Act
ut	ut4	CONsub	MORPH=empty
maiora	magnus	ADJqua	Case=Acc|Numb=Plur|Gend=Neut|Deg=Comp
lucreris	lucreo	VER	Numb=Sing|Mood=Sub|Tense=Pres|Voice=Dep|Person=2
Nihil	nihil	PROind	Case=Ind
adhuc	adhuc	ADV	Deg=Pos
dico	dico2	VER	Numb=Sing|Mood=Ind|Tense=Pres|Voice=Act|Person=1
de	de	PRE	MORPH=empty
praemio	praemium	NOMcom	Case=Abl|Numb=Sing
ad	ad2	PRE	MORPH=empty
quod	qui1	PROrel	Case=Acc|Numb=Sing|Gend=Neut
deus	deus	NOMcom	Case=Nom|Numb=Sing
martyres	martyra	NOMcom	Case=Nom|Numb=Plur
invitat	inuito	VER	Numb=Sing|Mood=Ind|Tense=Pres|Voice=Act|Person=3
Ipsam	ipse	PROdem	Case=Acc|Numb=Sing|Gend=Fem
interim	interim	ADV	Deg=Pos
conversationem	conuersatio	NOMcom	Case=Acc|Numb=Sing
saeculi	saeculum	NOMcom	Case=Gen|Numb=Sing
et	et2	CONcoo	MORPH=empty
carceris	carcer	NOMcom	Case=Gen|Numb=Sing
comparemus	comparo2	VER	Numb=Plur|Mood=Ind|Tense=Pres|Voice=Act|Person=1
si	si2	CONsub	MORPH=empty
non	non	ADVneg	MORPH=empty
plus	multus	ADJqua	Case=Acc|Numb=Sing|Gend=Neut|Deg=Comp
in	in	PRE	MORPH=empty
carcere	carcer	NOMcom	Case=Abl|Numb=Sing
spiritus	spiritus	NOMcom	Case=Gen|Numb=Sing
acquirit	acquiro	VER	Numb=Sing|Mood=Ind|Tense=Pres|Voice=Act|Person=3
quam	quam1	ADVrel	MORPH=empty
caro	caro1	NOMcom	Case=Nom|Numb=Sing
amittit	amitto	VER	Numb=Sing|Mood=Ind|Tense=Pres|Voice=Act|Person=3
Immo	immo	ADV	Deg=Pos
et	et2	CONcoo	MORPH=empty
quae	qui1	PROrel	Case=Nom|Numb=Plur|Gend=Neut
iusta	iustus	ADJqua	Case=Nom|Numb=Plur|Gend=Neut|Deg=Pos
sunt	sum1	VER	Numb=Plur|Mood=Ind|Tense=Pres|Voice=Act|Person=3
caro	caro1	NOMcom	Case=Nom|Numb=Sing
non	non	ADVneg	MORPH=empty
amittit	amitto	VER	Numb=Sing|Mood=Ind|Tense=Pres|Voice=Act|Person=3
per	per	PRE	MORPH=empty
curam	cura	NOMcom	Case=Acc|Numb=Sing
ecclesiae	ecclesia	NOMcom	Case=Gen|Numb=Sing
et	et2	CONcoo	MORPH=empty
agapen	agapen	NOMcom	Case=Acc|Numb=Sing
fratrum	frater	NOMcom	Case=Gen|Numb=Plur
et	et2	CONcoo	MORPH=empty
insuper	insuper1	ADV	Deg=Pos
quae	qui1	PROrel	Case=Nom|Numb=Plur|Gend=Neut
semper	semper	ADV	Deg=Pos
utilia	utilis	ADJqua	Case=Acc|Numb=Plur|Gend=Neut|Deg=Pos
fidei	fides2	NOMcom	Case=Gen|Numb=Sing
spiritus	spiritus	NOMcom	Case=Nom|Numb=Sing
adipiscitur	adipiscor	VER	Numb=Sing|Mood=Ind|Tense=Pres|Voice=Dep|Person=3
Non	non	ADVneg	MORPH=empty
vides	uideo	VER	Numb=Sing|Mood=Ind|Tense=Pres|Voice=Act|Person=2
alienos	alienus2	ADJqua	Case=Acc|Numb=Plur|Gend=Masc|Deg=Pos
deos	deus	NOMcom	Case=Acc|Numb=Plur
non	non	ADVneg	MORPH=empty
imaginibus	imago	NOMcom	Case=Abl|Numb=Plur
eorum	is	PROdem	Case=Gen|Numb=Plur|Gend=MascNeut
incurris	incurro	VER	Case=Dat|Numb=Plur|Gend=Com|Mood=Ind|Tense=Pres|Voice=Act|Person=2
non	non	ADVneg	MORPH=empty
sollemnes	sollemnis	ADJqua	Case=Acc|Numb=Plur|Gend=MascFem|Deg=Pos
nationum	natio1	NOMcom	Case=Gen|Numb=Plur
dies	dies	NOMcom	Case=Acc|Numb=Plur
ipsa	ipse	PROdem	Case=Abl|Numb=Sing|Gend=Fem
commixtione	commixtio	NOMcom	Case=Abl|Numb=Sing
participas	participa	NOMcom	Case=Acc|Numb=Sing
non	non	ADVneg	MORPH=empty
nidoribus	nidor	NOMcom	Case=Abl|Numb=Plur
spurcis	spurcus	ADJqua	Case=Abl|Numb=Plur|Gend=Com|Deg=Pos
verberaris	uerbero2	VER	Numb=Sing|Mood=Ind|Tense=Pres|Voice=Pass|Person=2
non	non	ADVneg	MORPH=empty
clamoribus	clamor	NOMcom	Case=Abl|Numb=Plur
spectaculorum	spectaculum	NOMcom	Case=Gen|Numb=Plur
atrocitate	atrocitas	NOMcom	Case=Abl|Numb=Sing
vel	uel2	CONcoo	MORPH=empty
furore	furor1	NOMcom	Case=Abl|Numb=Sing
vel	uel2	CONcoo	MORPH=empty
impudicitia	impudicitia	NOMcom	Case=Abl|Numb=Sing
celebrantium	celebro	VER	Case=Gen|Numb=Plur|Gend=Com|Mood=Par|Tense=Pres|Voice=Act
caederis	caedo	VER	Numb=Sing|Mood=Ind|Tense=Pres|Voice=Pass|Person=2
non	non	ADVneg	MORPH=empty
in	in	PRE	MORPH=empty
loca	locus	NOMcom	Case=Acc|Numb=Plur
libidinum	libido	NOMcom	Case=Gen|Numb=Plur
publicarum	publicus2	ADJqua	Case=Gen|Numb=Plur|Gend=Fem|Deg=Pos
oculi	oculus	NOMcom	Case=Nom|Numb=Plur
tui	tuus	PROpos	Case=Nom|Numb=Plur|Gend=MascNeut
impingunt	impingo	VER	Numb=Plur|Mood=Ind|Tense=Pres|Voice=Act|Person=3
vacas	uaco	VER	Numb=Plur|Mood=Ind|Tense=Pres|Voice=Act|Person=2
a	ab	PRE	MORPH=empty
scandalis	scandalum	NOMcom	Case=Abl|Numb=Plur
a	ab	PRE	MORPH=empty
temptationibus	tentatio	NOMcom	Case=Abl|Numb=Plur
a	ab	PRE	MORPH=empty
recordationibus	recordatio	NOMcom	Case=Abl|Numb=Plur
malis	malum3	NOMcom	Case=Abl|Numb=Plur|Gend=Com|Deg=Pos
iam	iam	ADV	Deg=Pos
et	et2	CONcoo	MORPH=empty
a	ab	PRE	MORPH=empty
persecutione	persecutio	NOMcom	Case=Abl|Numb=Sing
Hoc	hic1	PROdem	Case=Acc|Numb=Sing|Gend=Neut
praestat	praesto1	VER	Numb=Sing|Mood=Ind|Tense=Pres|Voice=Act|Person=3
carcer	carcer	NOMcom	Case=Nom|Numb=Sing
Christiano	Christianus	ADJqua	Case=Dat|Numb=Sing|Gend=MascNeut
quod	qui1	PROrel	Case=Acc|Numb=Sing
eremus	ero	VER	Numb=Plur|Mood=Par|Tense=Perf|Voice=Pass|Person=1
prophetis	propheta	NOMcom	Case=Abl|Numb=Plur
Ipse	ipse	PROdem	Case=Nom|Numb=Sing|Gend=Masc
dominus	dominus	NOMcom	Case=Nom|Numb=Sing
in	in	PRE	MORPH=empty
secessu	secessus	NOMcom	Case=Abl|Numb=Sing
frequentius	frequenter	ADV	Deg=Comp
agebat	ago	VER	Numb=Sing|Mood=Ind|Tense=Impa|Voice=Act|Person=3
ut	ut4	CONsub	MORPH=empty
liberius	libere	ADV	Deg=Comp
oraret	oro	VER	Numb=Sing|Mood=Sub|Tense=Impa|Voice=Act|Person=3
ut	ut4	CONsub	MORPH=empty
saeculo	saeculum	NOMcom	Case=Dat|Numb=Sing
cederet	cedo1	VER	Numb=Sing|Mood=Sub|Tense=Impa|Voice=Act|Person=3
gloriam	gloria	NOMcom	Case=Acc|Numb=Sing
denique	denique	ADV	Deg=Pos
suam	suus	PROpos.ref	Case=Acc|Numb=Sing|Gend=Fem
discipulis	discipulus	NOMcom	Case=Dat|Numb=Plur
in	in	PRE	MORPH=empty
solitudine	solitudo	NOMcom	Case=Abl|Numb=Sing
demonstravit	demonstro	VER	Numb=Sing|Mood=Ind|Tense=Perf|Voice=Act|Person=3
Auferamus	aufero	VER	Numb=Plur|Mood=Sub|Tense=Pres|Voice=Act|Person=1
carceris	carcer	NOMcom	Case=Gen|Numb=Sing
nomen	nomen	NOMcom	Case=Acc|Numb=Sing
secessum	secessus	NOMcom	Case=Acc|Numb=Sing
vocemus	uoco	VER	Numb=Plur|Mood=Sub|Tense=Pres|Voice=Act|Person=1
Etsi	etsi2	CONsub	MORPH=empty
corpus	corpus	NOMcom	Case=Nom|Numb=Sing
includitur	includo	VER	Numb=Sing|Mood=Ind|Tense=Pres|Voice=Pass|Person=3
etsi	etsi2	CONsub	MORPH=empty
caro	caro1	NOMcom	Case=Nom|Numb=Sing|Gend=MascNeut
detinetur	detineo	VER	Numb=Sing|Mood=Ind|Tense=Pres|Voice=Pass|Person=3
omnia	omnis	PROind	Case=Nom|Numb=Plur|Gend=Neut
spiritui	spiritus	NOMcom	Case=Dat|Numb=Sing
patent	pateo	VER	Numb=Plur|Mood=Ind|Tense=Pres|Voice=Act|Person=3
Vagare	uagor2	VER	Mood=Imp|Tense=Pres|Voice=Dep
spiritu	spiritus	NOMcom	Case=Abl|Numb=Sing
spatiare	spatior	VER	Numb=Sing|Mood=Imp|Tense=Pres|Voice=Dep
spiritu	spiritus	NOMcom	Case=Abl|Numb=Sing
et	et2	CONcoo	MORPH=empty
non	non	ADVneg	MORPH=empty
stadia	stadium	NOMcom	Case=Acc|Numb=Plur
opaca	opacus	ADJqua	Case=Acc|Numb=Plur|Gend=Neut|Deg=Pos
aut	aut	CONcoo	MORPH=empty
porticus	porticus	NOMcom	Case=Acc|Numb=Plur
longas	longus	ADJqua	Case=Acc|Numb=Plur|Gend=Fem|Deg=Pos
proponens	propono	VER	Case=Nom|Numb=Sing|Gend=Com|Mood=Par|Tense=Pres|Voice=Act
tibi	tu	PROper	Case=Dat|Numb=Sing
sed	sed	CONcoo	MORPH=empty
illam	ille	PROdem	Case=Acc|Numb=Sing|Gend=Fem
viam	uia	NOMcom	Case=Acc|Numb=Sing
quae	qui1	PROrel	Case=Nom|Numb=Sing|Gend=Fem
ad	ad2	PRE	MORPH=empty
deum	deus	NOMcom	Case=Acc|Numb=Sing
ducit	duco	VER	Numb=Sing|Mood=Ind|Tense=Pres|Voice=Act|Person=3
Quotiens	quotiens1	ADVrel	MORPH=empty
eam	is	PROdem	Case=Acc|Numb=Sing|Gend=Fem
spiritu	spiritus	NOMcom	Case=Abl|Numb=Sing
deambulaveris	deambulo	VER	Numb=Sing|Mood=Ind|Tense=FutAnt|Voice=Act|Person=2
totiens	totiens	ADV	Deg=Pos
in	in	PRE	MORPH=empty
carcere	carcer	NOMcom	Case=Abl|Numb=Sing
non	non	ADVneg	MORPH=empty
eris	sum1	VER	Numb=Sing|Mood=Ind|Tense=Fut|Voice=Act|Person=2
Nihil	nihil	PROind	Case=Ind
crus	crus	NOMcom	Case=Acc|Numb=Sing
sentit	sentio	VER	Numb=Sing|Mood=Ind|Tense=Pres|Voice=Act|Person=3
in	in	PRE	MORPH=empty
nervo	neruus	NOMcom	Case=Abl|Numb=Sing
cum	cum3	CONsub	MORPH=empty
animus	animus	NOMcom	Case=Nom|Numb=Sing
in	in	PRE	MORPH=empty
caelo	caelum1	NOMcom	Case=Abl|Numb=Sing
est	sum1	VER	Numb=Sing|Mood=Ind|Tense=Pres|Voice=Act|Person=3
Totum	totus	PROind	Case=Acc|Numb=Sing|Gend=MascNeut
hominem	homo	NOMcom	Case=Acc|Numb=Sing
animus	animus	NOMcom	Case=Nom|Numb=Sing
circumfert	circumfero	VER	Numb=Sing|Mood=Ind|Tense=Pres|Voice=Act|Person=3
et	et2	CONcoo	MORPH=empty
quo	quo2	ADVrel	MORPH=empty
velit	uolo3	VER	Numb=Sing|Mood=Sub|Tense=Pres|Voice=Act|Person=3
transfert	transfero	VER	Numb=Sing|Mood=Ind|Tense=Pres|Voice=Act|Person=3
Ubi	ubi3	CONsub	MORPH=empty
autem	autem	CONcoo	MORPH=empty
erit	sum1	VER	Numb=Sing|Mood=Ind|Tense=Fut|Voice=Act|Person=3
cor	cor	NOMcom	Case=Nom|Numb=Sing
tuum	tuus	PROpos	Case=Nom|Numb=Sing|Gend=Neut
illic	illic2	ADV	Deg=Pos
erit	sum1	VER	Numb=Sing|Mood=Ind|Tense=Fut|Voice=Act|Person=3
et	et2	CONcoo	MORPH=empty
thesaurus	thesaurus	NOMcom	Case=Nom|Numb=Sing
tuus	tuus	PROpos	Case=Nom|Numb=Sing|Gend=Masc
Ibi	ibi	ADV	Deg=Pos
ergo	ergo2	CONcoo	MORPH=empty
sit	sum1	VER	Numb=Sing|Mood=Sub|Tense=Pres|Voice=Act|Person=3
cor	cor	NOMcom	Case=Nom|Numb=Sing
nostrum	noster	PROpos	Case=Nom|Numb=Sing
ubi	ubi1	ADVrel	MORPH=empty
volumus	uolo3	VER	Numb=Plur|Mood=Ind|Tense=Pres|Voice=Act|Person=1
habere	habeo	VER	Mood=Inf|Tense=Pres|Voice=Act
thesaurum	thesaurus	NOMcom	Case=Nom|Numb=Sing
Sit	sum1	VER	Numb=Sing|Mood=Sub|Tense=Pres|Voice=Act|Person=3
nunc	nunc	ADV	Deg=Pos
benedicti	benedico2	VER	Case=Gen|Numb=Sing|Gend=Masc|Mood=Par|Tense=Perf|Voice=Pass
carcer	carcer	NOMcom	Case=Nom|Numb=Sing
etiam	etiam	ADV	Deg=Pos
Christianis	Christianus	ADJqua	Case=Dat|Numb=Plur
molestus	molestus	ADJqua	Case=Nom|Numb=Sing|Gend=Masc|Deg=Pos
Vocati	uoco	VER	Case=Nom|Numb=Plur|Gend=Masc|Mood=Par|Tense=Perf|Voice=Pass
sumus	sum1	VER	Numb=Plur|Mood=Ind|Tense=Pres|Voice=Act|Person=1
ad	ad2	PRE	MORPH=empty
militiam	militia	NOMcom	Case=Acc|Numb=Sing
dei	deus	NOMcom	Case=Gen|Numb=Sing
vivi	uiuus2	ADJqua	Case=Nom|Numb=Plur|Gend=MascNeut|Deg=Pos
iam	iam	ADV	Deg=Pos
tunc	tunc	ADV	Deg=Pos
cum	cum3	CONsub	MORPH=empty
in	in	PRE	MORPH=empty
sacramenti	sacramentum	NOMcom	Case=Gen|Numb=Sing
verba	uerbum	NOMcom	Case=Acc|Numb=Plur
respondemus	respondeo	VER	Numb=Plur|Mood=Ind|Tense=Pres|Voice=Act|Person=1
Nemo	nemo	PROind	Case=Nom|Numb=Sing
miles	miles	NOMcom	Case=Nom|Numb=Sing
ad	ad2	PRE	MORPH=empty
bellum	bellum	NOMcom	Case=Acc|Numb=Sing
cum	cum2	PRE	MORPH=empty
deliciis	delicia1	NOMcom	Case=Abl|Numb=Plur
venit	uenio	VER	Numb=Sing|Mood=Ind|Tense=Pres|Voice=Act|Person=3
nec	nec2	CONcoo	MORPH=empty
de	de	PRE	MORPH=empty
cubiculo	cubiculum	NOMcom	Case=Abl|Numb=Sing
ad	ad2	PRE	MORPH=empty
aciem	acies	NOMcom	Case=Acc|Numb=Sing
procedit	procedo1	VER	Numb=Sing|Mood=Ind|Tense=Pres|Voice=Act|Person=3
sed	sed	CONcoo	MORPH=empty
de	de	PRE	MORPH=empty
papilionibus	papilio	NOMcom	Case=Abl|Numb=Plur
expeditis	expeditus	ADJqua	Case=Abl|Numb=Plur|Gend=Com|Deg=Pos
et	et2	CONcoo	MORPH=empty
substrictis	substringo	VER	Case=Abl|Numb=Plur|Gend=Com|Mood=Par|Tense=Perf|Voice=Pass
ubi	ubi3	CONsub	MORPH=empty
omnis	omnis	PROind	Case=Nom|Numb=Sing|Gend=MascFem
duritia	duritia	NOMcom	Case=Nom|Numb=Sing
et	et2	CONcoo	MORPH=empty
inbonitas	imbonitas	ADJqua	Case=Acc|Numb=Sing|Deg=Pos
et	et2	CONcoo	MORPH=empty
insuavitas	insuauitas	NOMcom	Case=Nom|Numb=Plur
constitit	consisto	VER	Numb=Sing|Mood=Ind|Tense=Perf|Voice=Act|Person=3
Etiam	etiam	ADV	Deg=Pos
in	in	PRE	MORPH=empty
pace	pax	NOMcom	Case=Abl|Numb=Sing
labore	labor1	NOMcom	Case=Abl|Numb=Sing
et	et2	CONcoo	MORPH=empty
incommodis	incommodum	NOMcom	Case=Abl|Numb=Plur
bellum	bellum	NOMcom	Case=Acc|Numb=Sing
pati	patior	VER	Mood=Inf|Tense=Pres|Voice=Dep
iam	iam	ADV	Deg=Pos
ediscunt	edisco	VER	Numb=Plur|Mood=Ind|Tense=Pres|Voice=Act|Person=3
in	in	PRE	MORPH=empty
armis	arma	NOMcom	Case=Abl|Numb=Plur
deambulando	deambulo	VER	Case=Abl|Numb=Sing|Mood=Ger|Voice=Act
campum	campus1	NOMcom	Case=Acc|Numb=Sing
decurrendo	decurro	VER	Case=Abl|Numb=Sing|Gend=MascNeut|Mood=Ger|Voice=Act
fossam	fossa	NOMcom	Case=Acc|Numb=Sing
moliendo	molior	VER	Case=Abl|Numb=Sing|Mood=Ger|Voice=Dep
testudinem	testudo	NOMcom	Case=Acc|Numb=Sing
destinando	destino	VER	Case=Abl|Numb=Sing|Gend=MascNeut|Mood=Ger|Voice=Act
desudando	desudo	VER	Case=Abl|Numb=Sing|Gend=MascNeut|Mood=Ger|Voice=Act
Sudore	sudor	NOMcom	Case=Abl|Numb=Sing
omnia	omnis	PROind	Case=Nom|Numb=Plur|Gend=Neut
constant	consto	VER	Numb=Plur|Mood=Ind|Tense=Pres|Voice=Act|Person=3
ne	ne4	CONsub	MORPH=empty
corpora	corpus	NOMcom	Case=Nom|Numb=Plur
atque	atque1	CONcoo	MORPH=empty
animi	animus	NOMcom	Case=Nom|Numb=Plur
expavescant	expauesco	VER	Numb=Plur|Mood=Sub|Tense=Pres|Voice=Act|Person=3
de	de	PRE	MORPH=empty
umbra	umbra	NOMcom	Case=Abl|Numb=Sing
ad	ad2	PRE	MORPH=empty
solem	sol	NOMcom	Case=Acc|Numb=Sing
et	et2	CONcoo	MORPH=empty
sole	sol	NOMcom	Case=Abl|Numb=Sing
ad	ad2	PRE	MORPH=empty
gelum	gelum	NOMcom	Case=Acc|Numb=Sing
de	de	PRE	MORPH=empty
tunica	tunica	NOMcom	Case=Abl|Numb=Sing
ad	ad2	PRE	MORPH=empty
loricam	lorica	NOMcom	Case=Acc|Numb=Sing
de	de	PRE	MORPH=empty
silentio	silentium	NOMcom	Case=Abl|Numb=Sing
ad	ad2	PRE	MORPH=empty
clamorem	clamor	NOMcom	Case=Acc|Numb=Sing
de	de	PRE	MORPH=empty
quiete	quies	NOMcom	Case=Abl|Numb=Sing
ad	ad2	PRE	MORPH=empty
tumultum	tumultus	NOMcom	Case=Acc|Numb=Sing
Proinde	proinde	ADV	Deg=Pos
vos	uos	PROper	Case=Acc|Numb=Plur
benedicti	benedico2	VER	Case=Nom|Numb=Plur|Gend=Masc|Mood=Par|Tense=Perf|Voice=Pass
quodcunque	quicumque1	PROrel	Case=Nom
hoc	hic1	PROdem	Case=Nom|Numb=Sing|Gend=Neut
durum	durus	ADJqua	Case=Nom|Numb=Sing|Gend=Neut|Deg=Pos
est	sum1	VER	Numb=Sing|Mood=Ind|Tense=Pres|Voice=Act|Person=3
ad	ad2	PRE	MORPH=empty
exercitationem	exercitatio	NOMcom	Case=Acc|Numb=Sing
virtutum	uirtus	NOMcom	Case=Gen|Numb=Plur
animi	animus	NOMcom	Case=Gen|Numb=Sing
et	et2	CONcoo	MORPH=empty
corporis	corpus	NOMcom	Case=Gen|Numb=Sing
deputate	deputo	VER	Numb=Plur|Mood=Imp|Tense=Pres|Voice=Act|Person=2
Bonum	bonus	NOMcom	Case=Acc|Numb=Sing|Deg=Pos
agonem	agon	NOMcom	Case=Acc|Numb=Sing
subituri	subeo1	VER	Case=Nom|Numb=Plur|Gend=Masc|Mood=Par|Tense=Fut|Voice=Act
estis	sum1	VER	Numb=Plur|Mood=Ind|Tense=Pres|Voice=Act|Person=2
in	in	PRE	MORPH=empty
quo	qui1	PROrel	Case=Abl|Numb=Sing|Gend=MascNeut
agonothetes	agonothetes	NOMcom	Case=Nom|Numb=Sing
deus	deus	NOMcom	Case=Nom|Numb=Sing
vivus	uiuus2	ADJqua	Case=Nom|Numb=Sing|Gend=Masc|Deg=Pos
est	sum1	VER	Numb=Sing|Mood=Ind|Tense=Pres|Voice=Act|Person=3
xystarches	pystarches	NOMcom	Case=Nom|Numb=Sing
spiritus	spiritus	NOMcom	Case=Nom|Numb=Sing
sanctus	sanctus	ADJqua	Case=Nom|Numb=Sing|Gend=Masc|Deg=Pos
corona	corona	NOMcom	Case=Nom|Numb=Sing
aeternitatis	aeternitas	NOMcom	Case=Gen|Numb=Sing
brabium	brabeum	NOMcom	Case=Nom|Numb=Sing
angelicae	angelicus	ADJqua	Case=Gen|Numb=Sing|Deg=Pos
substantiae	substantia	NOMcom	Case=Gen|Numb=Sing
politia	politia	NOMcom	Case=Nom|Numb=Sing
in	in	PRE	MORPH=empty
caelis	caelum1	NOMcom	Case=Abl|Numb=Plur
gloria	gloria	NOMcom	Case=Nom|Numb=Sing
in	in	PRE	MORPH=empty
saecula	saeculum	NOMcom	Case=Acc|Numb=Plur
saeculorum	saeculum	NOMcom	Case=Gen|Numb=Plur
Itaque	itaque	ADV	Deg=Pos
epistates	epistates	NOMcom	Case=Nom|Numb=Plur
vester	uester	PROpos	Case=Nom|Numb=Sing|Gend=Masc
Christus	Christus	NOMpro	Case=Nom|Numb=Sing
Iesus	Iesus	NOMpro	Case=Nom|Numb=Sing
qui	qui1	PROrel	Case=Nom|Numb=Sing|Gend=Masc
vos	uos	PROper	Case=Acc|Numb=Plur
spiritu	spiritus	NOMcom	Case=Abl|Numb=Sing
unxit	ungo	VER	Numb=Sing|Mood=Ind|Tense=Perf|Voice=Act|Person=3
et	et2	CONcoo	MORPH=empty
ad	ad1	ADV	MORPH=empty
hoc	hic1	PROdem	Case=Acc|Numb=Sing|Gend=Neut
scamma	scamma	NOMcom	Case=Abl|Numb=Sing
produxit	produco	VER	Numb=Sing|Mood=Ind|Tense=Perf|Voice=Act|Person=3
voluit	uolo3	VER	Numb=Sing|Mood=Ind|Tense=Perf|Voice=Act|Person=3
vos	uos	PROper	Case=Acc|Numb=Plur
ante	ante2	PRE	MORPH=empty
diem	dies	NOMcom	Case=Acc|Numb=Sing
agonis	agon	NOMcom	Case=Gen|Numb=Sing
ad	ad2	PRE	MORPH=empty
duriorem	durus	ADJqua	Case=Acc|Numb=Sing|Gend=MascFem|Deg=Comp
tractationem	tractatio	NOMcom	Case=Acc|Numb=Sing
a	ab	PRE	MORPH=empty
liberiore	liber2	ADJqua	Case=Abl|Numb=Sing|Gend=Com|Deg=Comp
condicione	condicio	NOMcom	Case=Abl|Numb=Sing
seponere	sepono	VER	Mood=Inf|Tense=Pres|Voice=Act
ut	ut4	CONsub	MORPH=empty
vires	uis	NOMcom	Case=Nom|Numb=Plur
corroborarentur	corroboro	VER	Numb=Plur|Mood=Sub|Tense=Impa|Voice=Pass|Person=3
in	in	PRE	MORPH=empty
vobis	uos	PROper	Case=Abl|Numb=Plur
Nempe	nempe	ADV	Deg=Pos
enim	enim2	CONcoo	MORPH=empty
et	et2	CONcoo	MORPH=empty
athletae	athleta	NOMcom	Case=Nom|Numb=Plur
segregantur	segrego	VER	Numb=Plur|Mood=Ind|Tense=Pres|Voice=Pass|Person=3
ad	ad2	PRE	MORPH=empty
strietiorem	strietus	ADJqua	Case=Acc|Numb=Sing|Gend=MascFem|Deg=Comp
disciplinam	disciplina	NOMcom	Case=Acc|Numb=Sing
ut	ut4	CONsub	MORPH=empty
robori	robur	NOMcom	Case=Dat|Numb=Sing
aedificando	aedifico	VER	Case=Dat|Numb=Sing|Mood=Adj|Voice=Pass
vacent	uaco	VER	Numb=Plur|Mood=Sub|Tense=Pres|Voice=Act|Person=3
Continentur	contineo	VER	Numb=Plur|Mood=Ind|Tense=Pres|Voice=Pass|Person=3
a	ab	PRE	MORPH=empty
luxuria	luxuria	NOMcom	Case=Abl|Numb=Sing
a	ab	PRE	MORPH=empty
cibis	cibus	NOMcom	Case=Abl|Numb=Plur
laetioribus	laetus2	ADJqua	Case=Abl|Numb=Plur|Gend=Com|Deg=Comp
a	ab	PRE	MORPH=empty
potu	potus2	NOMcom	Case=Abl|Numb=Sing
iocundiore	iocundus	ADJqua	Case=Abl|Numb=Sing|Gend=Com|Deg=Comp
coguntur	cogo	VER	Numb=Plur|Mood=Ind|Tense=Pres|Voice=Pass|Person=3
cruciantur	crucio	VER	Numb=Plur|Mood=Ind|Tense=Pres|Voice=Pass|Person=3
fatigantur	fatigo	VER	Numb=Plur|Mood=Ind|Tense=Pres|Voice=Pass|Person=3
quanto	quanto2	ADVint	MORPH=empty
plus	multus	ADJqua	Case=Acc|Numb=Sing|Gend=Neut|Deg=Comp
in	in	PRE	MORPH=empty
exercitationibus	exercitatio	NOMcom	Case=Abl|Numb=Plur
laboraverint	laboro	VER	Numb=Plur|Mood=Sub|Tense=Perf|Voice=Act|Person=3
tanto	tanto	ADV	Deg=Pos
plus	multus	ADJqua	Case=Acc|Numb=Sing|Deg=Comp
de	de	PRE	MORPH=empty
victoria	uictoria	NOMcom	Case=Abl|Numb=Sing
sperant	spero	VER	Numb=Plur|Mood=Ind|Tense=Pres|Voice=Act|Person=3
Et	et2	CONcoo	MORPH=empty
illi	ille	PROdem	Case=Nom|Numb=Plur|Gend=Masc
inquit	inquio	VER	Numb=Sing|Mood=Ind|Tense=Pres|Voice=Act|Person=3
apostolus	apostolus	NOMcom	Case=Nom|Numb=Sing
ut	ut4	CONsub	MORPH=empty
coronam	corona	NOMcom	Case=Acc|Numb=Sing
corruptibilem	corruptibilis	ADJqua	Case=Acc|Numb=Sing|Gend=MascFem|Deg=Pos
consequantur	consequor	VER	Numb=Plur|Mood=Sub|Tense=Pres|Voice=Dep|Person=3
Nos	nos	PROper	Case=Nom|Numb=Plur
aeternam	aeternus	ADJqua	Case=Acc|Numb=Sing|Gend=Fem|Deg=Pos
consecuturi	consequor	VER	Case=Nom|Numb=Plur|Gend=Masc|Mood=Par|Tense=Fut|Voice=Dep
carcerem	carcer	NOMcom	Case=Acc|Numb=Sing
nobis	nos	PROper	Case=Dat|Numb=Plur
pro	pro1	PRE	MORPH=empty
palaestra	palaestra	NOMcom	Case=Abl|Numb=Sing
interpretamur	interpretor	VER	Numb=Plur|Mood=Ind|Tense=Pres|Voice=Dep|Person=1
ut	ut4	CONsub	MORPH=empty
ad	ad2	PRE	MORPH=empty
stadium	stadium	NOMcom	Case=Acc|Numb=Sing
tribunalis	tribunal	NOMcom	Case=Gen|Numb=Sing
bene	bene	ADV	Deg=Pos
exercitati	exercito	ADJqua	Case=Nom|Numb=Plur|Gend=Masc|Deg=Pos|Mood=Par|Tense=Perf|Voice=Pass
incommodis	incommodum	NOMcom	Case=Abl|Numb=Plur
omnibus	omnis	PROind	Case=Abl|Numb=Plur|Gend=Com
producamur	produco	VER	Numb=Plur|Mood=Sub|Tense=Pres|Voice=Pass|Person=1
quia	quia	CONsub	MORPH=empty
virtus	uirtus	NOMcom	Case=Nom|Numb=Sing
duritia	duritia	NOMcom	Case=Nom|Numb=Sing
extruitur	exstruo	VER	Numb=Sing|Mood=Ind|Tense=Pres|Voice=Pass|Person=3
mollitia	mollitia	NOMcom	Case=Nom|Numb=Sing
vero	uero4	CONcoo	MORPH=empty
destruitur	destruo	VER	Numb=Sing|Mood=Ind|Tense=Pres|Voice=Pass|Person=3
Scimus	scio	VER	Numb=Plur|Mood=Ind|Tense=Pres|Voice=Act|Person=1
ex	ex	PRE	MORPH=empty
dominico	dominicus	ADJqua	Case=Abl|Numb=Sing|Gend=MascNeut|Deg=Pos
praecepto	praeceptum	NOMcom	Case=Abl|Numb=Sing
quod	qui1	CONsub	Numb=Sing
caro	caro1	NOMcom	Case=Nom|Numb=Sing
infirma	infirmus	ADJqua	Case=Nom|Numb=Sing|Gend=Fem|Deg=Pos
sit	sum1	VER	Numb=Sing|Mood=Sub|Tense=Pres|Voice=Act|Person=3
spiritus	spiritus	NOMcom	Case=Nom|Numb=Sing
promptus	promptus2	ADJqua	Case=Nom|Numb=Sing|Gend=Masc|Deg=Pos
Non	non	ADVneg	MORPH=empty
ergo	ergo2	CONcoo	MORPH=empty
nobis	nos	PROper	Case=Dat|Numb=Plur
blandiamur	blandior	VER	Numb=Plur|Mood=Sub|Tense=Pres|Voice=Dep|Person=1
quia	quia	CONsub	MORPH=empty
dominus	dominus	NOMcom	Case=Nom|Numb=Sing
consensit	consentio	VER	Numb=Sing|Mood=Ind|Tense=Perf|Voice=Act|Person=3
carnem	caro1	NOMcom	Case=Acc|Numb=Sing
infirmam	infirmus	ADJqua	Case=Acc|Numb=Sing|Gend=Fem|Deg=Pos
esse	sum1	VER	Mood=Inf|Tense=Pres|Voice=Act
Propterea	propterea	ADV	Deg=Pos
enim	enim2	CONcoo	MORPH=empty
praedixit	praedico2	VER	Numb=Sing|Mood=Ind|Tense=Perf|Voice=Act|Person=3
spiritum	spiritus	NOMcom	Case=Acc|Numb=Sing
promptum	promptus2	ADJqua	Case=Acc|Numb=Sing|Gend=MascNeut|Deg=Pos
ut	ut4	CONsub	MORPH=empty
ostenderet	ostendo	VER	Numb=Sing|Mood=Sub|Tense=Impa|Voice=Act|Person=3
quid	quis1	PROint	Case=Acc|Numb=Sing|Gend=Neut
cui	quis1	PROrel	Case=Dat|Numb=Sing|Gend=Com
debeat	debeo	VER	Numb=Sing|Mood=Sub|Tense=Pres|Voice=Act|Person=3
esse	sum1	VER	Mood=Inf|Tense=Pres|Voice=Act
subiectum	subicio	VER	Case=Nom|Numb=Sing|Gend=Neut|Deg=Pos|Mood=Par|Tense=Perf|Voice=Pass
scilicet	scilicet	ADV	Deg=Pos
ut	ut4	CONsub	MORPH=empty
caro	caro1	NOMcom	Case=Nom|Numb=Sing
serviat	seruio	VER	Numb=Sing|Mood=Sub|Tense=Pres|Voice=Act|Person=3
spiritui	spiritus	NOMcom	Case=Dat|Numb=Sing
infirmior	infirmus	ADJqua	Case=Nom|Numb=Sing|Gend=MascFem|Deg=Comp
fortiori	fortis	ADJqua	Case=Dat|Numb=Sing|Gend=Com|Deg=Comp
ut	ut4	CONsub	MORPH=empty
ab	ab	PRE	MORPH=empty
eo	is	PROdem	Case=Abl|Numb=Sing|Gend=MascNeut
etiam	etiam	ADV	Deg=Pos
ipsa	ipse	PROdem	Case=Nom|Numb=Sing|Gend=Fem
fortitudinem	fortitudo	NOMcom	Case=Acc|Numb=Sing
assumat	assumo	VER	Numb=Sing|Mood=Sub|Tense=Pres|Voice=Act|Person=3
Colloquatur	colloquor	VER	Numb=Sing|Mood=Sub|Tense=Pres|Voice=Dep|Person=3
spiritus	spiritus	NOMcom	Case=Nom|Numb=Sing
cum	cum2	PRE	MORPH=empty
carne	caro1	NOMcom	Case=Abl|Numb=Sing
de	de	PRE	MORPH=empty
communi	communis	ADJqua	Case=Abl|Numb=Sing|Gend=Com|Deg=Pos
salute	salus	NOMcom	Case=Abl|Numb=Sing
nec	nec2	CONcoo	MORPH=empty
iam	iam	ADV	Deg=Pos
de	de	PRE	MORPH=empty
incommodis	incommodum	NOMcom	Case=Abl|Numb=Plur
carceris	carcer	NOMcom	Case=Gen|Numb=Sing
sed	sed	CONcoo	MORPH=empty
ipso	ipse	PROdem	Case=Abl|Numb=Sing|Gend=MascNeut
agone	agon	NOMcom	Case=Abl|Numb=Sing
et	et2	CONcoo	MORPH=empty
proelio	proelium	NOMcom	Case=Abl|Numb=Sing
cogitans	cogito	VER	Case=Nom|Numb=Sing|Gend=Com|Mood=Par|Tense=Pres|Voice=Act
Timebit	timeo	VER	Numb=Sing|Mood=Ind|Tense=Fut|Voice=Act|Person=3
forsitan	forsitan	ADV	Deg=Pos
caro	caro1	NOMcom	Case=Nom|Numb=Sing
gladium	gladius	NOMcom	Case=Acc|Numb=Sing
gravem	grauis	ADJqua	Case=Acc|Numb=Sing|Gend=MascFem|Deg=Pos
et	et2	CONcoo	MORPH=empty
crucem	crux	NOMcom	Case=Acc|Numb=Sing
excelsam	excelsus	ADJqua	Case=Acc|Numb=Sing|Gend=Fem|Deg=Pos
et	et2	CONcoo	MORPH=empty
rabiem	rabies	NOMcom	Case=Acc|Numb=Sing
bestiarum	bestia	NOMcom	Case=Gen|Numb=Plur
et	et2	CONcoo	MORPH=empty
summam	superus	ADJqua	Case=Acc|Numb=Sing|Gend=Fem|Deg=Sup
ignium	ignis	NOMcom	Case=Gen|Numb=Plur
poenam	poena	NOMcom	Case=Acc|Numb=Sing
et	et2	CONcoo	MORPH=empty
omne	omnis	PROind	Case=Acc|Numb=Sing|Gend=Neut
carnificis	carnifex	NOMcom	Case=Gen|Numb=Sing
ingenium	ingenium	NOMcom	Case=Acc|Numb=Sing
in	in	PRE	MORPH=empty
tormentis	tormentum	NOMcom	Case=Abl|Numb=Plur
sed	sed	CONcoo	MORPH=empty
spiritus	spiritus	NOMcom	Case=Acc|Numb=Sing
contraponat	contrapono	VER	Numb=Sing|Mood=Sub|Tense=Pres|Voice=Act|Person=3
sibi	sui1	PROref	Case=Dat|Numb=Sing
et	et2	CONcoo	MORPH=empty
carni	caro1	NOMcom	Case=Dat|Numb=Sing
acerba	acerbus	ADJqua	Case=Acc|Numb=Sing|Gend=Neut|Deg=Pos
licet	licet3	CONsub	MORPH=empty
ista	iste	PROdem	Case=Nom|Numb=Sing|Gend=Neut
a	ab	PRE	MORPH=empty
multis	multus	NOMcom	Case=Abl|Numb=Plur|Gend=Com
tamen	tamen	ADV	Deg=Pos
aequo	aequus	ADJqua	Case=Abl|Numb=Sing|Gend=MascNeut|Deg=Pos
animo	animus	NOMcom	Case=Abl|Numb=Sing
excepta	excipio	VER	Case=Acc|Numb=Sing|Gend=Neut|Mood=Par|Tense=Perf|Voice=Pass
immo	immo	ADV	Deg=Pos
et	et2	CONcoo	MORPH=empty
ultro	ultro	ADV	Deg=Pos
appetita	appeto	VER	Case=Nom|Numb=Sing|Gend=Neut|Mood=Par|Tense=Perf|Voice=Pass
famae	fama	NOMcom	Case=Dat|Numb=Sing
et	et2	CONcoo	MORPH=empty
gloriae	gloria	NOMcom	Case=Gen|Numb=Sing
causa	causa	NOMcom	Case=Abl|Numb=Sing
nec	nec2	CONcoo	MORPH=empty
a	ab	PRE	MORPH=empty
viris	uir	NOMcom	Case=Abl|Numb=Plur
tantum	tantum2	ADV	Deg=Pos
sed	sed	CONcoo	MORPH=empty
etiam	etiam	ADV	Deg=Pos
a	ab	PRE	MORPH=empty
feminis	femina	NOMcom	Case=Abl|Numb=Plur
ut	ut4	CONsub	MORPH=empty
vos	uos	PROper	Case=Nom|Numb=Plur
quoque	quoque	ADV	Deg=Pos
benedictae	benedico2	VER	Case=Dat|Numb=Plur|Gend=Fem|Deg=Pos|Mood=Par|Tense=Perf|Voice=Pass
sexui	sexuus	VER	Numb=Plur
vestro	uester	PROpos	Case=Dat|Numb=Sing|Gend=MascNeut
respondeatis	respondeo	VER	Numb=Plur|Mood=Sub|Tense=Pres|Voice=Act|Person=2
Longum	longus	ADJqua	Case=Nom|Numb=Sing|Gend=Neut|Deg=Pos
est	sum1	VER	Numb=Sing|Mood=Ind|Tense=Pres|Voice=Act|Person=3
si	si2	CONsub	MORPH=empty
enumerem	enumero1	VER	Numb=Sing|Mood=Sub|Tense=Pres|Voice=Act|Person=1
singulos	singulus	ADJdis	Case=Acc|Numb=Plur|Gend=Masc
qui	qui1	PROrel	Case=Nom|Numb=Plur|Gend=Masc
se	sui1	PROref	Case=Acc|Numb=Sing
gladio	gladius	NOMcom	Case=Abl|Numb=Sing
confecerint	conficio	VER	Numb=Plur|Mood=Sub|Tense=Perf|Voice=Act|Person=3
animo	animus	NOMcom	Case=Abl|Numb=Sing
suo	suus	PROpos.ref	Case=Abl|Numb=Sing|Gend=MascNeut
ducti	duco	VER	Case=Nom|Numb=Plur|Gend=Masc|Mood=Par|Tense=Perf|Voice=Pass
De	de	PRE	MORPH=empty
feminis	femina	NOMcom	Case=Abl|Numb=Plur
ad	ad2	PRE	MORPH=empty
manum	manus1	NOMcom	Case=Acc|Numb=Sing
est	sum1	VER	Numb=Sing|Mood=Ind|Tense=Pres|Voice=Act|Person=3
Lucretia	Lucretia	NOMpro	Case=Nom|Numb=Sing
quae	qui1	PROrel	Case=Nom|Numb=Sing|Gend=Fem
vim	uis	NOMcom	Case=Acc|Numb=Sing
stupri	stuprum	NOMcom	Case=Gen|Numb=Sing
passa	patior	VER	Case=Nom|Numb=Sing|Gend=Fem|Mood=Par|Tense=Perf|Voice=Dep
est	sum1	VER	Numb=Sing|Mood=Ind|Tense=Pres|Voice=Act|Person=3
cultrum	culter	NOMcom	Case=Acc|Numb=Sing
sibi	sui1	PROref	Case=Dat|Numb=Sing
adegit	adigo	VER	Numb=Sing|Mood=Ind|Tense=Perf|Voice=Act|Person=3
in	in	PRE	MORPH=empty
conspectu	conspectus1	NOMcom	Case=Abl|Numb=Sing
propinquorum	propinqui	NOMcom	Case=Gen|Numb=Plur
ut	ut4	CONsub	MORPH=empty
gloriam	gloria	NOMcom	Case=Acc|Numb=Sing
castitati	castitas	NOMcom	Case=Dat|Numb=Sing
suae	suus	PROpos.ref	Case=Dat|Numb=Sing|Gend=Fem
pareret	pareo	VER	Numb=Sing|Mood=Sub|Tense=Impa|Voice=Act|Person=3
Mucius	Mucius	NOMpro	Case=Nom|Numb=Sing
manum	manus1	NOMcom	Case=Acc|Numb=Sing
suam	suus	PROpos.ref	Case=Acc|Numb=Sing|Gend=Fem
dexteram	dextera	NOMcom	Case=Acc|Numb=Sing
in	in	PRE	MORPH=empty
ara	ara	NOMcom	Case=Abl|Numb=Sing
cremavit	cremo	VER	Numb=Sing|Mood=Ind|Tense=Perf|Voice=Act|Person=3
ut	ut4	CONsub	MORPH=empty
hoc	hic1	PROdem	Case=Acc|Numb=Sing|Gend=Neut
factum	factum	NOMcom	Case=Acc|Numb=Sing
eius	is	PROdem	Case=Gen|Numb=Sing|Gend=Com
fama	fama	NOMcom	Case=Nom|Numb=Sing
haberet	habeo	VER	Numb=Sing|Mood=Sub|Tense=Impa|Voice=Act|Person=3
Minus	parum2	ADV	Deg=Comp
fecerunt	facio	VER	Numb=Plur|Mood=Ind|Tense=Perf|Voice=Act|Person=3
philosophi	philosophus1	NOMcom	Case=Nom|Numb=Plur
Heraclitus	Heraclitus	NOMpro	Case=Nom|Numb=Sing
qui	qui1	PROrel	Case=Nom|Numb=Plur|Gend=Masc
se	sui1	PROref	Case=Acc|Numb=Sing
bubulo	bubulus	ADJqua	Case=Abl|Numb=Sing|Gend=MascNeut|Deg=Pos
stercore	stercus	NOMcom	Case=Abl|Numb=Sing
oblitum	oblino	VER	Case=Acc|Numb=Sing|Gend=MascNeut|Mood=Par|Tense=Perf|Voice=Dep
exussit	exuro	VER	Numb=Sing|Mood=Ind|Tense=Perf|Voice=Act|Person=3
item	item	ADV	Deg=Pos
Empedocles	Empedocles	NOMpro	Case=Nom|Numb=Sing
qui	qui1	PROrel	Case=Nom|Numb=Sing|Gend=Masc
in	in	PRE	MORPH=empty
ignes	ignis	NOMcom	Case=Acc|Numb=Plur
Aetnaei	Aetnaeus	ADJqua	Case=Gen|Numb=Sing|Gend=MascNeut|Deg=Pos
montis	mons	NOMcom	Case=Gen|Numb=Sing
desilivit	desilio	VER	Numb=Sing|Mood=Ind|Tense=Perf|Voice=Act|Person=3
et	et2	CONcoo	MORPH=empty
Peregrinus	Peregrinus	NOMpro	Case=Nom|Numb=Sing|Gend=Masc|Deg=Pos
qui	qui1	PROrel	Case=Nom|Numb=Sing|Gend=Masc
non	non	ADVneg	MORPH=empty
olim	olim	ADV	Deg=Pos
se	sui1	PROref	Case=Acc|Numb=Sing
rogo	rogus	NOMcom	Numb=Sing
immisit	immitto	VER	Numb=Sing|Mood=Ind|Tense=Perf|Voice=Act|Person=3
cum	cum3	CONsub	MORPH=empty
feminae	femina	NOMcom	Case=Nom|Numb=Plur
quoque	quoque	ADV	Deg=Pos
contempserint	contemno	VER	Numb=Plur|Mood=Sub|Tense=Perf|Voice=Act|Person=3
ignes	ignis	NOMcom	Case=Nom|Numb=Plur
Dido	Dido	NOMpro	Case=Nom|Numb=Sing
cum	cum3	CONsub	MORPH=empty
post	post2	PRE	MORPH=empty
virum	uir	NOMcom	Case=Acc|Numb=Sing
dilectissimum	dilectus2	ADJqua	Case=Acc|Numb=Sing|Gend=MascNeut|Deg=Sup
nubere	nubo	VER	Mood=Inf|Tense=Pres|Voice=Act
cogeretur	cogo	VER	Numb=Sing|Mood=Sub|Tense=Impa|Voice=Pass|Person=3
item	item	ADV	Deg=Pos
Asdrubalis	Asdrubal	NOMpro	Case=Dat|Numb=Sing|Gend=MascFem
uxor	uxor	NOMcom	Case=Nom|Numb=Sing
quae	qui1	PROrel	Case=Nom|Numb=Sing|Gend=Fem
iam	iam	ADV	Deg=Pos
ardente	ardeo	VER	Case=Abl|Numb=Sing|Gend=Com|Mood=Par|Tense=Pres|Voice=Act
Carthagine	Carthago	NOMpro	Case=Abl|Numb=Sing
ne	ne4	CONsub	MORPH=empty
maritum	maritus1	NOMcom	Case=Acc|Numb=Sing
suum	suus	PROpos.ref	Case=Acc|Numb=Sing|Gend=MascNeut
supplicem	supplex1	NOMcom	Case=Acc|Numb=Sing
Scipionis	Scipio	NOMpro	Case=Gen|Numb=Sing
videret	uideo	VER	Numb=Sing|Mood=Sub|Tense=Impa|Voice=Act|Person=3
cum	cum2	PRE	MORPH=empty
filiis	filius	NOMcom	Case=Abl|Numb=Plur
suis	suus	PROpos.ref	Case=Abl|Numb=Plur|Gend=Com
in	in	PRE	MORPH=empty
incendium	incendium	NOMcom	Case=Acc|Numb=Sing
patriae	patria	NOMcom	Case=Gen|Numb=Sing
devolavit	deuolo2	VER	Numb=Sing|Mood=Ind|Tense=Perf|Voice=Act|Person=3
Regulus	Regulus	NOMpro	Case=Nom|Numb=Sing
dux	dux	NOMcom	Case=Nom|Numb=Sing
Romanorum	Romani	NOMpro	Case=Gen|Numb=Plur
captus	capio2	VER	Case=Nom|Numb=Sing|Gend=Masc|Mood=Par|Tense=Perf|Voice=Pass
a	ab	PRE	MORPH=empty
Carthaginiensibus	Carthaginienses	NOMpro	Case=Abl|Numb=Plur
cum	cum3	CONsub	MORPH=empty
se	sui1	PROref	Case=Acc|Numb=Sing
unum	unus	ADJcar	Case=Acc|Numb=Sing|Gend=MascNeut
pro	pro1	PRE	MORPH=empty
multis	multus	ADJqua	Case=Abl|Numb=Plur|Gend=Com|Deg=Pos
captivis	captiuus1	NOMcom	Case=Abl|Numb=Plur|Gend=Com
Carthaginiensibus	Carthaginienses	NOMpro	Case=Abl|Numb=Plur
compensari	compenso	VER	Mood=Inf|Tense=Pres|Voice=Pass
noluisset	nolo	VER	Numb=Sing|Mood=Sub|Tense=Pqp|Voice=Act|Person=3
maluit	malo	VER	Numb=Sing|Mood=Ind|Tense=Perf|Voice=Act|Person=3
hostibus	hostis	NOMcom	Case=Dat|Numb=Plur
reddi	reddo	VER	Mood=Inf|Tense=Pres|Voice=Pass
et	et2	CONcoo	MORPH=empty
in	in	PRE	MORPH=empty
arcae	arca	NOMcom	Case=Gen|Numb=Sing
genus	genus1	NOMcom	Case=Acc|Numb=Sing
stipatus	stipo	VER	Case=Nom|Numb=Sing|Gend=Masc|Mood=Par|Tense=Perf|Voice=Pass
undique	undique	ADV	Deg=Pos
extrinsecus	extrinsecus	ADV	Deg=Pos
clavis	clauus	NOMcom	Case=Acc|Numb=Sing
transfixus	transfigo	VER	Case=Nom|Numb=Sing|Gend=Masc|Mood=Par|Tense=Perf|Voice=Pass
tot	tot	PROdem	Case=Ind
cruces	crux	NOMcom	Case=Acc|Numb=Plur
sensit	sentio	VER	Numb=Sing|Mood=Ind|Tense=Perf|Voice=Act|Person=3
Bestias	Bestias	NOMpro	Case=Nom|Numb=Sing
femina	femina	NOMcom	Case=Nom|Numb=Sing
libens	libens	ADJqua	Case=Nom|Numb=Sing|Gend=Com|Deg=Pos
appetiit	appeto	VER	Numb=Sing|Mood=Ind|Tense=Perf|Voice=Act|Person=3
et	et2	CONcoo	MORPH=empty
utique	utique	ADV	Deg=Pos
horridiores	horridus	ADJqua	Case=Acc|Numb=Plur|Gend=MascFem|Deg=Comp
aspides	aspis	NOMcom	Case=Acc|Numb=Plur
serpentes	serpens	NOMcom	Case=Acc|Numb=Plur
tauro	taurus	NOMcom	Case=Abl|Numb=Sing
vel	uel2	CONcoo	MORPH=empty
urso	ursus	NOMcom	Case=Abl|Numb=Sing
quas	qui1	PROrel	Case=Acc|Numb=Plur|Gend=Fem
Cleopatra	Cleopatra	NOMpro	Case=Nom|Numb=Sing
immisit	immitto	VER	Numb=Sing|Mood=Ind|Tense=Perf|Voice=Act|Person=3
sibi	sui1	PROref	Case=Dat|Numb=Sing
ne	ne4	CONsub	MORPH=empty
in	in	PRE	MORPH=empty
manus	manus1	NOMcom	Case=Acc|Numb=Plur
inimici	inimicus1	NOMcom	Case=Gen|Numb=Sing
perveniret	peruenio	VER	Numb=Sing|Mood=Sub|Tense=Impa|Voice=Act|Person=3
Sed	sed	CONcoo	MORPH=empty
mortis	mors	NOMcom	Case=Gen|Numb=Sing
metus	metus	NOMcom	Case=Nom|Numb=Sing
non	non	ADVneg	MORPH=empty
tantus	tantus	PROdem	Case=Nom|Numb=Sing|Gend=Masc
est	sum1	VER	Numb=Sing|Mood=Ind|Tense=Pres|Voice=Act|Person=3
quantus	quantus1	PROrel	Case=Nom|Numb=Sing|Gend=Masc
tormentorum	tormentum	NOMcom	Case=Gen|Numb=Plur
Itaque	itaque	CONcoo	MORPH=empty
cessit	cedo1	VER	Numb=Sing|Mood=Ind|Tense=Perf|Voice=Act|Person=3
carnifici	carnifex	NOMcom	Case=Dat|Numb=Sing
meretrix	meretrix	NOMcom	Case=Nom|Numb=Sing
Atheniensis	Atheniensis	ADJqua	Case=Nom|Numb=Sing|Gend=Com|Deg=Pos
quae	quis1	PROrel	Case=Nom|Numb=Sing|Gend=Fem
conscia	conscius	ADJqua	Case=Nom|Numb=Sing|Gend=Fem|Deg=Pos
coniurationis	coniuratio	NOMcom	Case=Gen|Numb=Sing
cum	cum3	CONsub	MORPH=empty
propterea	propterea	ADV	Deg=Pos
torqueretur	torqueo	VER	Numb=Sing|Mood=Sub|Tense=Impa|Voice=Pass|Person=3
a	ab	PRE	MORPH=empty
tyranno	tyrannus	NOMcom	Case=Abl|Numb=Sing
et	et2	CONcoo	MORPH=empty
non	non	ADVneg	MORPH=empty
prodidit	prodo	VER	Numb=Sing|Mood=Ind|Tense=Perf|Voice=Act|Person=3
coniuratos	coniurati	NOMcom	Case=Acc|Numb=Plur
et	et2	CONcoo	MORPH=empty
novissime	noue	ADV	Deg=Sup
linguam	lingua	NOMcom	Case=Acc|Numb=Sing
suam	suus	PROpos.ref	Case=Acc|Numb=Sing|Gend=Fem
commestam	commestus	VER	Case=Acc|Numb=Sing|Gend=Fem
in	in	PRE	MORPH=empty
faciem	facies	NOMcom	Case=Acc|Numb=Sing
tyrani	tyranum	NOMcom	Case=Gen|Numb=Sing
expuit	exspuo	VER	Numb=Sing|Mood=Ind|Tense=Perf|Voice=Act|Person=3
ut	ut4	CONsub	MORPH=empty
nihil	nihil	PROind	Case=Ind
agere	ago	VER	Mood=Inf|Tense=Pres|Voice=Act
in	in	PRE	MORPH=empty
se	sui1	PROref	Case=Acc|Numb=Sing
sciret	scio	VER	Numb=Sing|Mood=Sub|Tense=Impa|Voice=Act|Person=3
tormenta	tormentum	NOMcom	Case=Acc|Numb=Plur
etsi	etsi2	CONsub	MORPH=empty
ultra	ultra1	ADV	Deg=Pos
perseverarent	perseuero	VER	Numb=Plur|Mood=Sub|Tense=Impa|Voice=Act|Person=3
Nam	nam	CONcoo	MORPH=empty
quod	quod1	PROrel	Gend=Neut
hodie	hodie	ADV	Deg=Pos
apud	apud	PRE	MORPH=empty
Lacedaemonas	Lacedaemon	NOMpro	Case=Acc|Numb=Plur
sollemnitas	sollemnitas	NOMcom	Case=Nom|Numb=Sing
maxima	magnus	ADJqua	Case=Nom|Numb=Sing|Gend=Fem|Deg=Sup
est	sum1	VER	Numb=Sing|Mood=Ind|Tense=Pres|Voice=Act|Person=3
	[Greek]	FOR	MORPH=empty
id	is	PROdem	Case=Nom|Numb=Sing|Gend=Neut
est	sum1	VER	Numb=Sing|Mood=Ind|Tense=Pres|Voice=Act|Person=3
flagellatio	flagellatio	NOMcom	Case=Nom|Numb=Sing
non	non	ADVneg	MORPH=empty
latet	lateo	VER	Numb=Sing|Mood=Ind|Tense=Pres|Voice=Act|Person=3
In	in	PRE	MORPH=empty
quo	qui1	PROrel	Case=Abl|Numb=Sing|Gend=MascNeut
sacro	sacrum	NOMcom	Case=Abl|Numb=Sing|Gend=MascNeut
ante	ante2	PRE	MORPH=empty
aram	ara	NOMcom	Case=Acc|Numb=Sing
nobiles	nobilis2	ADJqua	Case=Nom|Numb=Plur|Gend=MascFem|Deg=Pos
quique	qui	PROrel	Case=Nom|Numb=Plur|Gend=Masc
{quique}	que	CON	MORPH=empty
adulescentes	adolescens1	NOMcom	Case=Nom|Numb=Plur
flagellis	flagellum	NOMcom	Case=Dat|Numb=Plur
affliguntur	affligo	VER	Numb=Plur|Mood=Ind|Tense=Pres|Voice=Pass|Person=3
astantibus	asto	VER	Case=Dat|Numb=Plur|Gend=Com|Mood=Par|Tense=Pres|Voice=Act
parentibus	parens1	NOMcom	Case=Abl|Numb=Plur
et	et2	CONcoo	MORPH=empty
propinquis	propinqui	ADJqua	Case=Abl|Numb=Plur|Gend=Com
et	et2	CONcoo	MORPH=empty
uti	utor	CONsub	MORPH=empty
perseverent	perseuero	VER	Numb=Plur|Mood=Sub|Tense=Pres|Voice=Act|Person=3
adhertantibus	adhartor	VER	Case=Dat|Numb=Plur|Gend=Com|Mood=Par|Tense=Pres|Voice=Act
Ornamentum	ornamentum	NOMcom	Case=Nom|Numb=Sing
enim	enim2	CONcoo	MORPH=empty
et	et2	CONcoo	MORPH=empty
gloria	gloria	NOMcom	Case=Nom|Numb=Sing
deputabitur	deputo	VER	Numb=Sing|Mood=Ind|Tense=Fut|Voice=Pass|Person=3
maiore	magnus	ADJqua	Case=Abl|Numb=Sing|Gend=Com|Deg=Comp
quidem	quidem	ADV	Deg=Pos
titulo	titulus	NOMcom	Case=Abl|Numb=Sing
si	si2	CONsub	MORPH=empty
anima	anima	NOMcom	Case=Nom|Numb=Sing
potius	potius	ADV	Deg=Comp
cesserit	cedo1	VER	Numb=Sing|Mood=Ind|Tense=FutAnt|Voice=Act|Person=3
plagis	plaga1	NOMcom	Case=Abl|Numb=Plur
quam	quam1	ADVrel	MORPH=empty
corpus	corpus	NOMcom	Case=Nom|Numb=Sing
Igitur	igitur	CONcoo	MORPH=empty
si	si2	CONsub	MORPH=empty
tantum	tantum2	ADV	Case=Acc|Numb=Sing|Deg=Pos
terrenae	terrenus	ADJqua	Case=Gen|Numb=Sing|Gend=Fem|Deg=Pos
gloriae	gloria	NOMcom	Case=Gen|Numb=Sing
licet	licet1	VER	Numb=Sing|Mood=Ind|Tense=Pres|Voice=Act|Person=3
de	de	PRE	MORPH=empty
corporis	corpus	NOMcom	Case=Gen|Numb=Sing
et	et2	CONcoo	MORPH=empty
animi	animus	NOMcom	Case=Gen|Numb=Sing
vigore	uigor	NOMcom	Case=Abl|Numb=Sing
ut	ut4	CONsub	MORPH=empty
gladium	gladius	NOMcom	Case=Acc|Numb=Sing
ignem	ignis	NOMcom	Case=Acc|Numb=Sing
crucem	crux	NOMcom	Case=Acc|Numb=Sing
bestias	bestia	NOMcom	Case=Acc|Numb=Plur
tormenta	tormentum	NOMcom	Case=Acc|Numb=Plur
contemnat	contemno	VER	Numb=Sing|Mood=Sub|Tense=Pres|Voice=Act|Person=3
sub	sub	PRE	MORPH=empty
praemio	praemium	NOMcom	Case=Abl|Numb=Sing
laudis	laus	NOMcom	Case=Gen|Numb=Sing
humae	huma	ADJqua	Case=Gen|Numb=Sing
possum	possum1	VER	Numb=Sing|Mood=Ind|Tense=Pres|Voice=Act|Person=1
dicere	dico2	VER	Mood=Inf|Tense=Pres|Voice=Act
modicae	modicus	ADJqua	Case=Nom|Numb=Plur|Gend=Fem|Deg=Pos
sunt	sum1	VER	Numb=Plur|Mood=Ind|Tense=Pres|Voice=Act|Person=3
istae	iste	PROdem	Case=Nom|Numb=Plur|Gend=Fem
passiones	passio	NOMcom	Case=Nom|Numb=Plur
ad	ad2	PRE	MORPH=empty
consecutionem	consecutio	NOMcom	Case=Acc|Numb=Sing
gloriae	gloria	NOMcom	Case=Gen|Numb=Sing
caelestis	caelestis	ADJqua	Case=Gen|Numb=Sing|Gend=Com|Deg=Pos
et	et2	CONcoo	MORPH=empty
divinae	diuinus2	ADJqua	Case=Gen|Numb=Sing|Gend=Fem|Deg=Pos
mercedis	merces	NOMcom	Case=Gen|Numb=Sing
Tanti	tantus	PROdem	Case=Gen|Numb=Sing|Gend=MascNeut
vitreum	uitreum	ADJqua	Case=Acc|Numb=Sing|Gend=MascNeut|Deg=Pos
quanti	quantum1	PROrel	Case=Gen|Numb=Sing|Gend=MascNeut
verum	uerum1	ADJqua	Numb=Sing|Deg=Pos
margaritum	margaritum	NOMcom	Case=Acc|Numb=Sing
Quis	quis1	PROint	Case=Nom|Numb=Sing|Gend=MascFem
ergo	ergo2	CONcoo	MORPH=empty
non	non	ADVneg	MORPH=empty
libentissime	libenter	ADV	Deg=Sup
tantum	tantum2	ADV	Deg=Pos
pro	pro1	PRE	MORPH=empty
vero	uerum1	NOMcom	Case=Abl|Numb=Sing
habeat	habeo	VER	Numb=Sing|Mood=Sub|Tense=Pres|Voice=Act|Person=3
erogare	erogo	VER	Mood=Inf|Tense=Pres|Voice=Act
quantum	quantum1	PROrel	Case=Acc|Numb=Sing|Gend=MascNeut
alii	alius	PROind	Case=Dat|Numb=Plur|Gend=Masc
pro	pro1	PRE	MORPH=empty
falso	falsum	NOMcom	Case=Abl|Numb=Sing|Deg=Pos
Omitto	omitto	VER	Numb=Sing|Mood=Ind|Tense=Pres|Voice=Act|Person=1
nunc	nunc	ADV	Deg=Pos
gloriae	gloria	NOMcom	Case=Gen|Numb=Sing
causam	causa	NOMcom	Case=Acc|Numb=Sing
Eadem	idem	PROdem	Case=Nom|Numb=Plur|Gend=Neut
omnia	omnis	PROind	Case=Acc|Numb=Plur|Gend=Neut
saevitiae	saeuitia	NOMcom	Case=Gen|Numb=Sing
et	et2	CONcoo	MORPH=empty
cruciatus	cruciatus	NOMcom	Case=Nom|Numb=Sing
certamina	certamen	NOMcom	Case=Acc|Numb=Plur
iam	iam	ADV	Deg=Pos
apud	apud	PRE	MORPH=empty
homines	homo	NOMcom	Case=Acc|Numb=Plur
affectatio	affectatio	NOMcom	Case=Nom|Numb=Sing
quoque	quoque	ADV	Deg=Pos
et	et2	CONcoo	MORPH=empty
morbus	morbus	NOMcom	Case=Nom|Numb=Sing
quidam	quidam	PROind	Case=Nom|Numb=Sing|Gend=Masc
animi	animus	NOMcom	Case=Gen|Numb=Sing
conculcavit	conculco	VER	Numb=Sing|Mood=Ind|Tense=Perf|Voice=Act|Person=3
Quot	quot1	PROrel	Case=Ind
otiosos	otiosus	ADJqua	Case=Acc|Numb=Plur|Gend=Masc|Deg=Pos
affectatio	affectatio	NOMcom	Case=Nom|Numb=Sing
armorum	arma	NOMcom	Case=Gen|Numb=Plur
ad	ad2	PRE	MORPH=empty
gladium	gladius	NOMcom	Case=Acc|Numb=Sing
locat	loco	VER	Numb=Sing|Mood=Ind|Tense=Pres|Voice=Act|Person=3
Certe	certe	ADV	Deg=Pos
ad	ad2	PRE	MORPH=empty
feras	fera	NOMcom	Case=Acc|Numb=Plur
ipsas	ipse	PROdem	Case=Acc|Numb=Plur|Gend=Fem
affectatione	affectatio	NOMcom	Case=Abl|Numb=Sing
descendunt	descendo	VER	Numb=Plur|Mood=Ind|Tense=Pres|Voice=Act|Person=3
et	et2	CONcoo	MORPH=empty
de	de	PRE	MORPH=empty
morsibus	morsus	NOMcom	Case=Abl|Numb=Plur
et	et2	CONcoo	MORPH=empty
de	de	PRE	MORPH=empty
cicatricibus	cicatrix	NOMcom	Case=Abl|Numb=Plur
formosiores	formosus	ADJqua	Case=Nom|Numb=Plur|Gend=MascFem|Deg=Comp
sibi	sui1	PROref	Case=Dat|Numb=Sing
videntur	uideo	VER	Numb=Plur|Mood=Ind|Tense=Pres|Voice=Pass|Person=3
Iam	iam	ADV	Deg=Pos
et	et2	CONcoo	Deg=Pos
ad	ad2	PRE	MORPH=empty
ignes	ignis	NOMcom	Case=Acc|Numb=Plur
quidam	quidam	PROind	Case=Nom|Numb=Plur|Gend=Masc
se	sui1	PROref	Case=Acc|Numb=Sing
auctoraverunt	auctoro	VER	Numb=Plur|Mood=Ind|Tense=Perf|Voice=Act|Person=3
ut	ut4	CONsub	MORPH=empty
certum	certus	ADJqua	Case=Acc|Numb=Sing|Gend=MascNeut|Deg=Pos
spatium	spatium	NOMcom	Case=Acc|Numb=Sing
in	in	PRE	MORPH=empty
tunica	tunica	NOMcom	Case=Abl|Numb=Sing
ardente	ardeo	VER	Case=Abl|Numb=Sing|Gend=Com|Mood=Par|Tense=Pres|Voice=Act
conficerent	conficio	VER	Numb=Plur|Mood=Sub|Tense=Impa|Voice=Act|Person=3
Alii	alius	PROind	Case=Nom|Numb=Plur|Gend=Masc
inter	inter	PRE	MORPH=empty
venatorum	uenatus	NOMcom	Case=Gen|Numb=Plur
taureas	taureus	ADJqua	Case=Acc|Numb=Plur|Deg=Pos
scapulis	scapula	NOMcom	Case=Abl|Numb=Plur
patientissimis	patiens	ADJqua	Case=Abl|Numb=Plur|Gend=Com|Deg=Sup
inambulaverunt	inambulo	VER	Numb=Plur|Mood=Ind|Tense=Perf|Voice=Act|Person=3
Haec	hic1	PROdem	Case=Acc|Numb=Plur|Gend=Neut
benedicti	benedico2	VER	Case=Gen|Numb=Plur|Gend=Masc|Mood=Par|Tense=Perf|Voice=Pass
non	non	ADVneg	MORPH=empty
sine	sine	PRE	MORPH=empty
causa	causa	NOMcom	Case=Abl|Numb=Sing
dominus	dominus	NOMcom	Case=Nom|Numb=Sing
in	in	PRE	MORPH=empty
saeculum	saeculum	NOMcom	Case=Acc|Numb=Sing
admisit	admitto	VER	Numb=Sing|Mood=Ind|Tense=Perf|Voice=Act|Person=3
sed	sed	CONcoo	MORPH=empty
ad	ad2	PRE	MORPH=empty
nos	nos	PROper	Case=Acc|Numb=Plur
et	et2	CONcoo	MORPH=empty
nunc	nunc	ADV	Deg=Pos
exhortandos	exhortor	VER	Case=Acc|Numb=Plur|Gend=Masc|Mood=Adj|Voice=Dep
et	et2	CONcoo	MORPH=empty
in	in	PRE	MORPH=empty
illo	ille	PROdem	Case=Abl|Numb=Sing|Gend=MascNeut
die	dies	NOMcom	Case=Abl|Numb=Sing
confundendos	confundo2	VER	Case=Acc|Numb=Plur|Gend=Masc|Mood=Adj|Voice=Pass
si	si2	CONsub	MORPH=empty
reformidaverimus	reformido2	VER	Numb=Plur|Mood=Ind|Tense=FutAnt|Voice=Act|Person=1
pati	patior	VER	Mood=Inf|Tense=Pres|Voice=Dep
pro	pro1	PRE	MORPH=empty
veritate	ueritas	NOMcom	Case=Abl|Numb=Sing
in	in	PRE	MORPH=empty
salutem	salus	NOMcom	Case=Acc|Numb=Sing
quae	qui1	PROrel	Case=Acc|Numb=Plur|Gend=Fem
alii	alius	PROind	Case=Nom|Numb=Plur|Gend=Masc
affectaverunt	affecto	VER	Numb=Plur|Mood=Ind|Tense=Perf|Voice=Act|Person=3
pro	pro1	PRE	MORPH=empty
vanitate	uanitas	NOMcom	Case=Abl|Numb=Sing
in	in	PRE	MORPH=empty
perditionem	perditio	NOMcom	Case=Acc|Numb=Sing
Sed	sed	CONcoo	MORPH=empty
haec	hic1	PROdem	Case=Acc|Numb=Plur|Gend=Neut
exempla	exemplum	NOMcom	Case=Acc|Numb=Plur
constantiae	constantia	NOMcom	Case=Gen|Numb=Sing
omittamus	omitto	VER	Numb=Plur|Mood=Sub|Tense=Pres|Voice=Act|Person=1
de	de	PRE	MORPH=empty
affectatione	affectatio	NOMcom	Case=Abl|Numb=Sing
venientis	uenio	VER	Case=Gen|Numb=Sing|Gend=Com|Mood=Par|Tense=Pres|Voice=Act
Convertamur	conuerto	VER	Numb=Plur|Mood=Sub|Tense=Pres|Voice=Pass|Person=1
ad	ad2	PRE	MORPH=empty
ipsam	ipse	PROdem	Case=Acc|Numb=Sing|Gend=Fem
condicionis	condicio	NOMcom	Case=Gen|Numb=Sing
humanae	humanus	ADJqua	Case=Gen|Numb=Sing|Gend=Fem|Deg=Pos
contemplationem	contemplatio	NOMcom	Case=Acc|Numb=Sing
ut	ut4	CONsub	MORPH=empty
et	et2	CONcoo	Deg=Pos
illa	ille	PROdem	Case=Nom|Numb=Plur|Gend=Neut
nos	nos	PROper	Case=Acc|Numb=Plur
instruant	instruo	VER	Numb=Plur|Mood=Sub|Tense=Pres|Voice=Act|Person=3
si	si2	CONsub	MORPH=empty
qua	quis2	PROind	Case=Nom|Numb=Plur|Gend=Neut
constanter	constanter	ADV	Deg=Pos
adeunda	adeo1	VER	Case=Nom|Numb=Plur|Gend=Neut|Mood=Adj|Voice=Pass
sint	sum1	VER	Numb=Plur|Mood=Sub|Tense=Pres|Voice=Act|Person=3
quae	qui1	PROrel	Case=Nom|Numb=Plur|Gend=Neut
et	et2	CONcoo	MORPH=empty
invitis	inuitus	ADJqua	Case=Dat|Numb=Plur|Gend=Com|Deg=Pos
evenire	euenio	VER	Mood=Inf|Tense=Pres|Voice=Act
consueverunt	consuesco	VER	Numb=Plur|Mood=Ind|Tense=Perf|Voice=Act|Person=3
Quotiens	quotiens1	ADVrel	MORPH=empty
enim	enim2	CONcoo	MORPH=empty
incendia	incendium	NOMcom	Case=Acc|Numb=Plur
vivos	uiuus2	ADJqua	Case=Acc|Numb=Plur|Gend=Masc|Deg=Pos
cremarunt	cremo	VER	Numb=Plur|Mood=Ind|Tense=Perf|Voice=Act|Person=3
quotiens	quotiens1	ADVrel	MORPH=empty
ferae	fera	NOMcom	Case=Nom|Numb=Plur|Gend=Fem
et	et2	CONcoo	MORPH=empty
in	in	PRE	MORPH=empty
silvis	silua	NOMcom	Case=Abl|Numb=Plur
suis	suus	PROpos.ref	Case=Abl|Numb=Plur|Gend=Com
et	et2	CONcoo	MORPH=empty
in	in	PRE	MORPH=empty
mediis	medius	ADJqua	Case=Abl|Numb=Plur|Gend=Com|Deg=Pos
civitatibus	ciuitas	NOMcom	Case=Abl|Numb=Plur
elapsae	elabor2	VER	Case=Nom|Numb=Plur|Gend=Fem|Mood=Par|Tense=Perf|Voice=Dep
caveis	cauea	NOMcom	Case=Abl|Numb=Plur
homines	homo	NOMcom	Case=Nom|Numb=Plur
devoraverunt	deuoro	VER	Numb=Plur|Mood=Ind|Tense=Perf|Voice=Act|Person=3
quot	quot1	PROrel	Case=Ind
a	ab	PRE	MORPH=empty
latronibus	latro1	NOMcom	Case=Abl|Numb=Plur
ferro	ferrum	NOMcom	Case=Abl|Numb=Sing
ab	ab	PRE	MORPH=empty
hostibus	hostis	NOMcom	Case=Abl|Numb=Plur
etiam	etiam	ADV	Deg=Pos
cruce	crux	NOMcom	Case=Abl|Numb=Sing
extincti	exstinguo	VER	Case=Nom|Numb=Plur|Gend=Masc|Mood=Par|Tense=Perf|Voice=Pass
sunt	sum1	VER	Numb=Plur|Mood=Ind|Tense=Pres|Voice=Act|Person=3
torti	torqueo	VER	Case=Nom|Numb=Plur|Gend=Masc|Mood=Par|Tense=Perf|Voice=Pass
prius	prius	ADJadv.ord	Deg=Comp
immo	immo	ADV	Deg=Pos
et	et2	CONcoo	MORPH=empty
omni	omnis	PROind	Case=Abl|Numb=Sing|Gend=Com
contumelia	contumelia	NOMcom	Case=Abl|Numb=Sing
expuncti	expungo	VER	Numb=Plur|Gend=Masc|Mood=Par|Tense=Perf|Voice=Pass
Nemo	nemo	PROind	Case=Nom|Numb=Sing
non	non	ADVneg	MORPH=empty
etiam	etiam	ADV	Deg=Pos
hominis	homo	NOMcom	Case=Gen|Numb=Sing
causa	causa	NOMcom	Case=Abl|Numb=Sing
pati	patior	VER	Mood=Inf|Tense=Pres|Voice=Dep
potest	possum1	VER	Numb=Sing|Mood=Ind|Tense=Pres|Voice=Act|Person=3
quod	qui1	PROrel	Case=Acc|Numb=Sing|Gend=Neut
in	in	PRE	MORPH=empty
causa	causa	NOMcom	Case=Abl|Numb=Sing
dei	deus	NOMcom	Case=Gen|Numb=Sing
pati	patior	VER	Mood=Inf|Tense=Pres|Voice=Dep
dubitat	dubito	VER	Numb=Sing|Mood=Ind|Tense=Pres|Voice=Act|Person=3
Ad	ad2	PRE	MORPH=empty
hoc	hic1	PROdem	Case=Acc|Numb=Sing|Gend=Neut
quidem	quidem	ADV	Deg=Pos
vel	uel1	ADV	MORPH=empty
praesentia	praesentia2	ADJqua	Case=Nom|Numb=Plur
nobis	nos	PROper	Case=Dat|Numb=Plur
tempora	tempus1	NOMcom	Case=Nom|Numb=Plur
documenta	documentum	NOMcom	Case=Nom|Numb=Plur
sint	sum1	VER	Numb=Plur|Mood=Sub|Tense=Pres|Voice=Act|Person=3
quantae	quantus1	PROrel	Case=Nom|Numb=Plur|Gend=Fem
qualesque	qualis	PROrel	Case=Nom|Numb=Plur|Gend=MascFem
{qualesque}	que	CON	MORPH=empty
personae	persona	NOMcom	Case=Nom|Numb=Plur
inopinatos	inopinatus	ADJqua	Case=Acc|Numb=Plur|Gend=Masc
natalibus	natales	NOMcom	Case=Dat|Numb=Plur
et	et2	CONcoo	MORPH=empty
dignitatibus	dignitas	NOMcom	Case=Dat|Numb=Plur
et	et2	CONcoo	MORPH=empty
corporibus	corpus	NOMcom	Case=Dat|Numb=Plur
et	et2	CONcoo	MORPH=empty
aetatibus	aetas	NOMcom	Case=Dat|Numb=Plur
suis	suus	PROpos.ref	Case=Dat|Numb=Plur|Gend=Com
exitus	exitus	NOMcom	Case=Acc|Numb=Plur
referunt	refero	VER	Numb=Plur|Mood=Ind|Tense=Pres|Voice=Act|Person=3
hominis	homo	NOMcom	Case=Gen|Numb=Sing
causa	causa	NOMcom	Case=Abl|Numb=Sing
aut	aut	CONcoo	MORPH=empty
ab	ab	PRE	MORPH=empty
ipso	ipse	PROdem	Case=Abl|Numb=Sing|Gend=MascNeut
si	si2	CONsub	MORPH=empty
contra	contra1	ADV	Deg=Pos
cum	cum2	PRE	MORPH=empty
fecerint	facio	VER	Numb=Plur|Mood=Ind|Tense=FutAnt|Voice=Act|Person=3
aut	aut	CONcoo	MORPH=empty
ab	ab	PRE	MORPH=empty
adversariis	aduersarius1	NOMcom	Case=Abl|Numb=Plur
eius	is	PROdem	Case=Gen|Numb=Sing|Gend=Com
si	si2	CONsub	MORPH=empty
pro	pro1	PRE	MORPH=empty
eo	is	PROdem	Case=Abl|Numb=Sing|Gend=MascNeut
steterint	sto	VER	Numb=Plur|Mood=Sub|Tense=Perf|Voice=Act|Person=3
